Rural-urban_Continuum Code_2013,2wk Prior Intra-Mobility,Total_age65plus,HospCt,NursingCt,normalized_deaths
1.0,0.02639959553493046,0.04240361042929566,-0.0008940954346737093,1.95283399210819e-05,-6.673806551393358e-05
1.0,0.04816922765527305,0.035995230979300685,-0.0016464484696429406,1.2757162606358818e-05,-7.341377800100096e-06
0.0,0.0008469449453533673,-0.012940458812695677,-0.0012866451769672294,-9.04801627878889e-06,-5.179601732858586e-05
3.0,-0.0014631271491742648,-0.01750192427870656,-0.004239868434065616,1.0255795063876487e-05,-8.005292980818278e-06
2.0,0.007359924924460637,0.0022338291269389243,-0.0006200196191199592,4.416141077846392e-06,-1.3196096523956132e-05
0.0,0.06258467633118192,6.148891824392377e-05,-0.0025138445550430813,4.5618840317753474e-05,5.890711164653632e-05
-1.0,0.008823052073634902,0.019735753405645484,0.0036198488149456567,-5.839653986030094e-06,-5.190803543137854e-06
-2.0,-0.031888762584117714,0.025774551437379778,-0.0022503942339725455,-2.9429704459415476e-05,-1.0421162141852727e-05
1.0,0.02874528931228726,-0.015101443795515437,-0.0032350682342088023,8.544275730538267e-06,9.814187878754566e-05
-2.0,-0.014835790728529558,-0.019977985113757063,0.00023120683928707633,-6.90883317581769e-05,-7.232533651928365e-05
0.0,0.009657787157622916,0.003448956462815289,-0.0015684097015673261,-1.3145538581231852e-05,5.238130030886318e-05
2.0,-0.01461354000898055,-0.028206143506390863,-0.0005273492389094908,-1.6737899753467728e-05,-9.335661798034929e-05
1.0,-0.005950404404317551,0.028900288332396912,-0.002488152671590224,2.802999964239234e-05,-0.000428373760648974
3.0,-0.03615225046519184,0.0035414109562239837,-0.0012729845779190807,1.5710098803234668e-05,-0.00042620900525566335
0.0,-0.029919037674805936,-0.17816662869947492,-0.00033500482178825536,2.0052209223048145e-05,9.292937443907949e-05
-1.0,0.018972461560934184,-0.05618840129490317,0.0013502164764588017,-9.432857258021975e-06,5.4027726705872375e-05
0.0,-0.024244433934890973,-0.19087522889386094,0.000793937369377813,2.4207112065329937e-05,0.00019114192479492183
-1.0,0.01583504413927979,-0.04579969609171575,-0.0007356812814176427,-6.621131532758784e-06,-1.2266156827024407e-05
0.0,0.020136706446326938,-0.052068134891571194,-0.0003301600503545271,-1.8087579094952348e-05,-2.6849138782845906e-05
-2.0,0.005160242955368058,-0.16412602425936562,-0.0011353950553135332,-3.675383888999311e-05,-1.0219513733808012e-05
-2.0,0.028385206812384954,-0.03601760891755698,-0.0015128007557147977,-4.038677868256155e-05,-5.506868735325149e-05
0.0,0.005674603739914963,-0.012708600194386022,0.0011289421911660684,4.154902842281792e-06,9.821255035584233e-05
2.0,0.021152300097440416,0.18740532116673997,0.0020305629296650737,3.880477288094415e-05,0.00010243240138311552
2.0,0.009474924476363028,0.15586764356553928,0.002042952712206986,3.891628092382136e-05,7.881734586084635e-05
1.0,0.004301662307047149,-0.006268438799855447,0.00040552123106311563,-1.1466447562193564e-05,-1.4582981955821499e-05
-1.0,0.012550162673105165,0.009782087174158766,-0.000777119474297155,-3.376564714980277e-05,-4.2802530526227077e-05
0.0,0.014797821544261715,0.05807085294249789,0.0002655872495999302,9.428814180110692e-06,2.671415682605798e-05
0.0,0.06066455934441377,-0.03068400111541715,-0.001376787278082945,4.9192492209863456e-05,-1.925494224222506e-05
1.0,-0.006843365048002037,0.01736754455195552,0.004764669447004325,0.0001092120012393821,0.00020628933567438848
0.0,-0.012238906065651936,-0.019448193782816092,-0.00026943375528098144,-2.4249037975288336e-06,6.010734404967719e-06
0.0,0.013105531541535844,-0.01821448600513767,-0.0005321428631077623,-4.789285767969862e-06,7.565522484321046e-07
-1.0,-0.017051061701460438,0.010862809228996795,-0.0007286522353534429,-6.557870118180987e-06,8.12228274408404e-07
0.0,-0.0006573864322333145,-0.02273268250435284,-0.0006995002452354828,-6.295502207119348e-06,-3.890064560967651e-06
0.0,-0.0005342542063973346,0.003526414994858673,8.385853592056945e-05,7.547268232851242e-07,1.2060413581450462e-06
-1.0,-0.02502953847492817,0.0067655021806911075,-0.0012188246725991006,-1.0969422053391906e-05,-7.52070315876777e-06
0.0,0.021495998109388396,-0.06539731706569332,-0.0008944015947504204,-2.683528517604216e-05,-2.1122956760027306e-05
0.0,-0.008056650610411706,0.016537081656053693,0.00022046288228028718,1.984165940522584e-06,-4.026959684331469e-06
0.0,0.02534443760718778,0.0012337077776784222,-0.0002627091078267809,-2.3643819704410282e-06,-5.254182156535614e-06
-1.0,-0.004812155635808502,0.030311003011812887,-0.00045921848007246145,-4.132966320652153e-06,-5.198506130559315e-06
-1.0,-0.006129215663350937,4.791882184848606e-05,-0.0006352658258296525,-1.2327186212274755e-05,-7.241936834096004e-06
-1.0,0.004992806518206348,-0.039703874401794265,-0.0011308293500242807,-1.0177464150218525e-05,9.387125430156358e-06
0.0,0.006965291320986798,0.010541116562871655,0.00016855257822237025,-2.3704579759440165e-05,-3.8790004400601e-06
0.0,0.023403663399175843,-0.013107983415742125,-0.0008148710414837828,-1.1610757788208245e-05,-4.439157920239048e-06
0.0,0.003335653444695913,0.00840604680252055,-0.001140931493998561,-1.0268383445987055e-05,-6.165059622307866e-05
2.0,-0.02117723166346394,-0.014403139524360786,0.0010658914908196707,2.932606636479409e-05,3.2572829441367415e-05
2.0,-0.016396478012794473,-0.01072995685263528,0.0011748285660318795,3.0306500041703967e-05,2.6051869197383856e-05
1.0,0.013584352342216277,-0.026490213118912753,0.0010161647513497107,9.145482762147396e-06,-1.7698155652600867e-05
1.0,-0.00046253773775974116,-0.00608029268302733,0.0006546312639738011,5.891681375764209e-06,-1.272203356971123e-05
0.0,0.022885690456396546,-0.04365902970771368,-0.0010482424325804615,-1.0119470800725824e-05,-1.3474097623531934e-05
0.0,0.007568942510467407,-0.004725872446722623,-0.0010314424414630393,-9.282981973167358e-06,-5.97690522661895e-05
0.0,0.006980598631214752,-0.04590366067248139,-6.001311169630307e-05,-5.401180052667266e-07,-6.355773397754487e-06
0.0,-0.012130053815009256,-0.01148437590644591,-0.0002149205099942383,-1.9342845899481456e-06,1.78305826277439e-05
0.0,-0.014046890079976018,0.020409920435885423,-0.0003615334873759095,-3.253801386383187e-06,4.9761220828896395e-06
-1.0,-0.006603753711001525,-0.019413447553568636,-0.0010761778630460138,-9.685600767414123e-06,1.1342382254846382e-05
0.0,0.0038484394977993837,0.06663102484337174,0.0006316924869236395,2.4470903205601132e-05,1.586877460349169e-05
-1.0,-0.027625213772739333,0.06544523588754181,0.00025913576892076795,1.4508098963767405e-05,1.3881019925931302e-05
-1.0,-0.016503191591182048,0.025693442663899058,-0.00023642775527386015,1.6657821025823635e-05,3.0510082190183666e-05
1.0,0.010669328559609455,-0.022512853858857068,0.0003209685726933265,2.8110270117681434e-05,-1.1274325388344503e-05
0.0,-0.01382595570892138,-0.019273766673024634,-0.0009817146358263437,1.6386121241004404e-05,-2.0001069905257317e-05
1.0,-0.01574828506045372,0.033561639042472974,0.0010918584631445002,4.440272752108046e-05,-3.1118110967885843e-06
1.0,-0.004626262878896434,-0.006190154181169777,0.0005962949389498721,4.6552449583136694e-05,1.3517251167463778e-05
2.0,-0.001983453763222315,0.06633334277009449,0.0018887486638069933,2.372117424510348e-05,-5.1074467089798974e-05
0.0,-0.0005489788846775451,0.0035565037411511013,-9.41606758623403e-05,-8.474460827610614e-07,-2.636498924145528e-06
0.0,-0.001916836264966762,0.03189429634233133,-0.00014661297738167121,-1.3195167964350414e-06,-1.285446054485426e-05
0.0,0.004231774765991923,0.007229686412876607,1.4776399349868477e-05,1.3298759414881727e-07,-9.157459168129087e-06
0.0,0.012626263751760111,0.05440545456460527,0.0012129497180169732,1.7051626020154934e-05,-1.066493958459486e-06
-1.0,0.001455923105400797,0.03208678675316845,-0.00028525424938305693,3.567790313554659e-06,-1.830006845250171e-05
0.0,-0.0013678573802892169,0.02833779260118023,-5.245230151933091e-05,-4.7207071367397994e-07,-1.0217961620708731e-05
0.0,0.004780753650669468,0.0036731826717255056,0.00010893707521220878,9.804336769098787e-07,-6.520960243983559e-06
-1.0,0.0032444949746032042,0.013773921355759194,-0.0006796813623527486,-6.117132261174737e-06,-1.1715464462278458e-06
-1.0,0.0019274349470607688,-0.016489162834205207,-0.0008557287081099397,-1.431135215279734e-05,-3.214977149764535e-06
0.0,0.015692266244292173,0.01628254089341631,-5.883850744744655e-05,-3.499290542877432e-05,-5.1177633142774925e-05
0.0,-0.011677375621077388,-0.03153767760120067,1.2389782541911715e-05,1.1150804287720666e-07,-2.3615055522269176e-05
0.0,-0.013762917973769159,-0.004518196499215171,-0.00016735738212772045,-1.5062164391494862e-06,-4.6466168093997555e-06
0.0,-0.007978476773467733,-0.004097307048305687,-0.0004901724372456577,-4.411551935210918e-06,-8.332931433176174e-06
0.0,0.00012313222583597988,0.026259097499211514,0.0007833587811560522,7.050229030404472e-06,5.096105919112697e-06
0.0,-0.015905091825181794,-0.0022446309647677076,0.0009882293208841584,9.579352795459097e-06,7.118324225777447e-06
-1.0,-0.024495284268530836,0.0032390871858324344,-0.00130268320851967,-1.172414887667703e-05,-8.726744516912816e-06
0.0,0.011122022181557285,-0.03975179322364275,-0.0004955635241946281,2.14972206205623e-06,1.662906226425236e-05
1.0,0.013764831297231404,0.03277170372762152,0.0007968902006624931,-2.0681553275976985e-05,-4.7962655993010386e-05
0.0,0.002563863180598036,-0.025935962849917574,-0.0009217866739142428,3.762337551147138e-06,2.4747813136494294e-06
0.0,0.006840455854356053,-0.03378954108904518,-0.0009355144381516207,-4.01648985274901e-05,-0.0001910563492879932
0.0,0.02517969559243373,-0.012850244939318967,-0.0010030096331814986,5.021457066555976e-06,1.2544404748962245e-05
0.0,0.006992231532060217,-0.059860314236512016,-0.0005414281424402904,2.0716477969266904e-06,3.736083814753117e-05
-1.0,-0.012072948734229275,-0.01692525594925827,-0.0005618075211112229,-1.1051948483759062e-05,-8.36710744197143e-05
0.0,0.022615832411835693,0.013085717910598607,-8.122295926725562e-05,1.2591195154088383e-06,1.0069623435312816e-05
0.0,-0.018312802603436457,0.011203049173598087,0.0007776723287182358,-1.243589349276375e-05,3.977686713179507e-05
0.0,0.004428368351462181,-0.03392435138659444,0.00038035853147395243,-1.6906897542204476e-06,3.488605683388174e-05
1.0,-0.01686024883847549,0.004082341719129662,5.184410424132163e-05,-3.0146798455690707e-05,-0.00019673525577982432
1.0,-0.01670847316077133,-0.021988431428337174,0.0004459303999526519,1.208974786872608e-05,3.1681931655700046e-05
0.0,-0.02680948450336139,-0.014172765996525477,-6.06869650083444e-05,1.924473288059674e-06,5.7767480585724575e-05
0.0,-0.03577365342706082,0.020946626858916573,0.0004255510212817195,-1.0338484119596728e-06,-8.934998091154542e-05
0.0,0.00015177567770416345,-0.026070773147466836,0.0003940862957113303,4.2236546324416784e-05,0.00022841718743552437
-1.0,-0.018913404588585328,0.01686428513978691,0.00037370691704039785,2.9112950043731034e-05,0.0001073852748682789
0.0,-0.018187464060373512,-0.04701006929719305,0.00046158149074120806,-2.949809269629286e-06,2.4816433398568926e-05
-1.0,0.0010505678187383988,-0.008142929859957779,-0.00034853890825765703,1.3648629247670382e-05,1.3404502639230506e-05
0.0,0.022741170954898637,-0.04512740056019253,-0.00039731379724428334,1.0745203738543302e-05,-4.8908102979133304e-06
-1.0,0.0064588326906741544,-0.057406017181907215,-0.0037586394723126957,-4.11144574309264e-05,-1.7665875538875254e-05
0.0,-0.008964168923699431,0.03511939285544205,0.0004862379862900639,-2.9583217000193467e-06,-0.00014711746149727
-2.0,-0.00700417776906645,-0.053746637075995,-0.00044232071814421007,-4.0157595774162496e-05,-0.00019238714528614634
0.0,-0.01014813009017975,-0.014762470536349659,-0.00010649688951672436,-9.584720056505173e-07,-7.842334309478009e-05
1.0,-0.0060748965821200915,-0.01694984149162973,-0.0012420066212876163,-2.1105949608543582e-05,9.326514976657418e-05
1.0,-0.01723179319011329,-0.018789168916233362,0.0003233296141612737,2.9099665274514663e-06,-0.0002774142700188518
1.0,-0.0037117099263409004,-0.014772415714110837,-0.0005988540986747155,-3.091247942943068e-05,0.00011781039360460994
1.0,-0.0313905796465481,-0.009788295468232122,0.00038434364572694467,3.4590928115425033e-06,1.1023119833769406e-05
1.0,0.002414570025372209,-0.011689939910173086,2.6048599841922747e-05,2.344373985773048e-07,-0.000501764675379529
-3.0,0.00396225875030496,-0.041338265155932086,-0.0003816404929357711,-3.961147374728655e-05,3.2372310375198817e-05
0.0,0.0025991026014450178,-0.03201198247467446,-0.00020139581549714664,-4.524084573898994e-05,6.297733045496854e-05
-1.0,0.0008183064291916592,-0.0023540986162867428,-4.581666430828542e-05,-4.123499787745702e-07,0.00014633611256656507
-1.0,-0.0018945691649092239,-0.010961481798646533,-0.0006227821682046513,-2.3653348257994436e-05,0.00032714207250775056
0.0,0.011965203695038527,0.0132530275866794,-3.2720145426094966e-05,-4.955203989909069e-05,0.00029408644285396155
-1.0,0.00026360900725005965,0.0032053952109228068,-0.0010056223058070239,-9.050600752263218e-06,2.858013546546106e-05
2.0,-0.003143952321113301,0.03898416653964534,0.0003358238286274857,3.919912376851198e-05,0.00011396380219136625
1.0,0.011643191834789485,-0.02008697410049773,-0.0010545900311426423,-2.153855386143171e-05,0.00016728632117765744
2.0,-0.0036986497430549006,0.04454366036685489,-0.0006239818128712527,3.0560872995023336e-05,-3.7921749097377558e-06
3.0,0.0009292811869463583,0.03679679558436527,-0.0007996859031434063,1.9051646165618914e-05,0.0002856522950527205
-1.0,-0.0017807961722533586,0.029657883858387718,0.00015557915118886122,4.4828495760215376e-05,8.335878211159653e-05
-1.0,-0.004493671766354242,0.021050500676027928,-0.00042138635270750464,2.1587497480995507e-05,0.000264164742052782
0.0,-0.02302324572862171,0.034632058926505255,0.0006464196864325302,4.9246060577408394e-05,0.00017280524504014602
1.0,-0.02124244955636835,0.004974175068117537,0.000490840535243669,4.417564817193021e-06,8.94464629285495e-05
1.0,0.013859772859947751,0.024214509385325933,0.0005900620227785563,-2.589869164109625e-05,-3.3055629653789e-05
0.0,-0.002251750925190643,0.016283556126636983,-0.00025655548058123854,-4.3170173008210766e-05,9.306737151319039e-06
1.0,-0.018529573962267468,0.013581558250477327,0.0010678060391400349,2.7658563096412887e-05,-9.135949701263598e-05
-1.0,-0.016111523785138394,-0.00793095325868895,-0.0008466175033597948,-1.7271481367114515e-05,4.236236680510804e-05
-1.0,-0.011701594687788468,-0.010047632375756593,-0.0009729021603809289,4.0501439146827474e-05,-0.0002655063073885005
-1.0,-0.005354348229103717,0.001554705960056607,-5.068155870930854e-05,4.880142456187206e-05,3.0201102214896545e-05
0.0,0.010757175556034677,0.009485659218745557,0.0007959359446504863,6.607290592898657e-05,-1.2161264590211497e-05
0.0,-0.01833734118417113,-0.14924564929557996,0.0016569543432760434,8.337168993200464e-06,1.2040375288994466e-05
-2.0,-0.033169052932480056,-0.09181933979750737,0.0023694099130036703,-8.801554782839391e-05,-2.8005099151239316e-05
0.0,-0.005522326766149999,-0.034665021935913365,0.0015146004999656091,-3.548975288272673e-05,-0.00010990347279395039
-1.0,0.010595781204963794,-0.09364321310648852,-0.0014119540637664402,-4.209524832991557e-05,-3.741799851548051e-05
1.0,0.02096759996933799,0.11743970692644622,0.0009511665037568827,8.560498533811942e-06,-1.8065569203992551e-06
1.0,0.018385634773578477,0.10473629929190345,-0.0009197135630347141,-9.377995452458766e-06,-5.618530809231653e-06
1.0,0.015196876278109894,0.08177799446485112,-0.00028036464426388244,-4.1584841787166e-06,-3.696430381081425e-06
0.0,0.007364749599345008,-0.007425542268110791,-0.0001508916036040036,-1.358024432436034e-06,-1.9470705402790367e-05
-1.0,0.0058266136983060185,-0.15595648665487818,-0.0020344870244229894,-1.9166420927739522e-05,-3.324275254130724e-06
0.0,0.004351389714242343,0.003940493882600954,0.00015037795213010944,1.353401569170986e-06,-3.6007870834848625e-05
0.0,-0.002024891641493956,-0.07287789901784858,-0.00016048486395215972,-1.4443637755694362e-06,-2.2964437337129224e-05
0.0,-0.0046840298892938115,0.04906456733611575,0.0011037941374847874,-3.672038073380064e-05,5.252166151649594e-05
1.0,-0.013667841169692413,0.11603397243531832,0.002842424777462084,3.672248397727746e-05,8.976607194445602e-05
1.0,-0.0005741190570027477,0.03536023585293607,0.001824144571339112,2.7557962122170715e-05,4.861616299775021e-05
2.0,-0.001978906682915643,0.08844331776538727,-0.000239110786862362,1.3686250153307063e-05,4.81634706849929e-05
1.0,0.001224462064934359,0.07364396258392808,0.0001969668848950299,3.5838400242126596e-05,6.047022073433709e-05
0.0,0.029106184812510053,-0.21282758544622993,-7.793803904039163e-05,-9.060743381453953e-06,-1.8840990904871925e-05
0.0,0.01868682152453853,0.017354621196269293,0.0005026061466846623,3.2180902837656124e-05,2.691874752198469e-05
-3.0,0.006218632054770246,-0.07413923659954455,0.00022013975421440258,-7.970153174000316e-05,-1.2282468325632129e-05
0.0,0.004834866129727014,-0.044632839583788914,0.00023749342606918067,6.256083737960463e-06,2.59209163312406e-05
0.0,-0.029181032631193343,0.036063345670541536,0.0012217885448915658,1.1852134611956711e-05,1.3119334460104971e-05
1.0,-0.0014752239840636755,0.15989698053747914,0.0021848649765530987,2.0519822496910506e-05,-3.26835955807179e-05
-2.0,-0.009988796437243805,0.0920329640021369,0.0005743532012833495,-4.286385008320693e-05,2.2878618762663537e-06
0.0,-0.013851955394811516,-0.06198746078005821,-0.00026511272061548164,-2.592481909969566e-05,-9.978311907440887e-07
0.0,-0.013222292112439901,0.00872173621735886,0.001189849590755512,-2.1658414553347428e-05,-9.744232324816354e-06
-2.0,-0.00392053090279465,0.07523356688616323,-0.0004514973467410991,-4.104521334009988e-05,-1.824231704004439e-05
1.0,-0.005304296827837882,0.10473996390191886,-0.000434143674886321,4.491240213786374e-05,1.996106761682834e-05
0.0,0.009137518696968813,0.06296484517901407,-0.000942957148532386,6.387188548920548e-05,2.818503058327436e-06
0.0,-0.003352262990198876,0.0483270567830702,0.0006303091137824849,3.0475653163329306e-05,1.1371553674150591e-05
-2.0,0.031085091495425696,-0.3012709032116172,0.00016117274782197037,-2.2746993534761016e-05,-6.700446158986483e-05
2.0,0.005832803321675545,0.22098711624573952,0.0004686392685278344,6.0912368982886606e-05,4.7376286986689596e-05
1.0,-0.00710777836917964,0.15089411371356873,0.0016514070612058155,7.265785250213478e-05,4.097513739158176e-05
-1.0,-0.0017533619109472987,-0.13106760304489712,-0.0010996473852337824,-1.6529641044607175e-05,-8.485146538838232e-05
0.0,-0.010904352978498774,-0.08338675154916092,-0.0011571731168991215,-1.0414558052092091e-05,-9.060033382974554e-07
0.0,0.003679339956265973,-0.10487711044965242,-0.0003293981007317338,-2.9645829065856064e-06,-2.4865757460759043e-06
-1.0,-0.008042079905617075,-0.05928673669492343,-0.0007164629577406036,-6.448166619665433e-06,-1.1504436306514943e-05
2.0,0.0077898535686146825,0.19837951239839197,0.0004922405007317262,3.27172528774568e-05,3.179946770624886e-05
1.0,0.006003577458463014,0.08911577604956453,0.000792384715938978,2.9148231595896e-05,-2.1166684217940274e-06
-1.0,0.00365065451713098,-0.02261266736611245,0.0003397772289490922,2.441985494414243e-07,2.2576373304102943e-05
0.0,0.015479842738578498,0.14741016961936798,0.0016628311042463186,1.872710352340039e-05,2.12558674446321e-05
0.0,0.012897877542818986,0.13470676198482523,-0.00020804896254527803,7.88609537129683e-07,1.74438935557997e-05
-1.0,-4.270414803619893e-05,0.06461375945265443,0.0009747188301327031,1.2534093056377852e-05,1.1042743960691863e-05
0.0,0.009709119047350404,0.1117484571577729,0.0004312999562255536,6.008120810871849e-06,1.936599398394993e-05
-2.0,0.031532377264706674,-0.30908421539627046,6.487230501367068e-05,-4.465494507413913e-05,-5.673483833510607e-05
-1.0,0.0018769923685855172,0.022544920424810988,0.0005607729968854325,8.808580557152415e-06,3.5917189622409858e-06
0.0,-0.006288717994669776,0.07178086634997369,0.00038318442749317883,1.0081474424941743e-05,7.334702908186738e-05
0.0,0.004928971206800928,-0.09281757884677472,-0.000547872199858312,1.7019647787783207e-06,2.846639317153989e-05
-2.0,-0.014831711748308926,0.05742630949807259,0.0007124555697276271,-9.635271682159437e-05,-4.0045474440233784e-05
-1.0,0.027881722747575693,-0.286471548030158,-0.0002749049239354215,-4.489914362358055e-05,-7.9311211639209e-05
0.0,-0.0017736621485454629,0.04515758779092344,0.00022099576793634026,8.564382007710991e-06,-1.8984654341861958e-05
1.0,-0.00023715066904909932,0.06971746401424403,0.0014648402277939088,4.9874424136254354e-05,-2.462616767177614e-05
0.0,-0.00853633946851999,0.06745619684546547,-0.0001572205440275652,2.790498458628868e-05,-1.5650930697986033e-05
-3.0,-0.00851357245318013,-0.06786401653534224,-0.0016105117752697492,-6.338367258011744e-05,3.4971457456984254e-05
1.0,-0.010222454066554476,0.0004087175260130693,0.001151815674038069,-6.759656258363455e-06,-2.048252782836576e-05
0.0,-0.01783003372885336,-0.04550697630182676,0.0016180618063453992,-4.064121382266937e-05,-0.00010197133011553243
0.0,-0.0025819651957595113,-0.012703407634542765,-0.0018708800667915967,-1.793849398627071e-05,-3.811973888832398e-06
-1.0,-0.015522546886614697,-0.08279641016671356,-0.0006881122741136157,-6.19301046702254e-06,-1.0213123483940236e-05
0.0,-0.005770723691228094,-0.035661712461595094,-0.001231531148020765,-1.2718982712528542e-05,-1.88987346068217e-06
-1.0,-0.01360285036999298,-0.12486524919455701,-0.0011020581073608862,-9.918522966247976e-06,-1.7664148482391115e-05
-1.0,-0.012940581690855185,-0.0700930025321708,0.0011827677926779811,1.174548351924817e-05,-6.401149595107838e-06
0.0,0.014583692934764747,-0.021490358900491502,0.0008277750161673877,7.449975145506486e-06,-1.5805724077784488e-06
-1.0,0.002862273072881699,0.02410001485423749,0.00044071015915851794,3.966391432426659e-06,-1.0598432968217488e-05
-2.0,0.03443735448562457,-0.3495979599946874,-0.0004691363659605145,-5.322264669809032e-05,-7.837601526401542e-05
-1.0,0.03157508141274287,-0.37369797484892486,-0.0009098465251190324,-5.7189038130516984e-05,-6.777758229579794e-05
3.0,-0.0013837659250432316,0.029506397015755637,1.735367185477809e-05,8.595761547796363e-05,3.820338465687273e-05
2.0,0.013058049599763463,-0.012268721707149155,-0.0004914598017912869,0.00010491709882930536,2.1060820098371826e-05
-1.0,-0.007832126678764886,-0.08920353673296191,0.00012947304065987885,2.800459746280566e-06,-1.5774275021708944e-05
-2.0,0.05596387467103712,0.014837809888529507,-0.003422298858988899,-4.260040189651419e-05,-5.259747658786306e-05
0.0,0.02431790518532391,0.0239426114634676,-7.335252661830685e-05,2.6742941241664e-06,-8.122918312304916e-08
-2.0,0.005690561410205935,-0.024464152378744608,-0.0020624148123616834,-3.2146976250894815e-05,-8.406606951670824e-05
-3.0,-0.024722573266771422,-0.019749961848401415,-0.002956435618436124,-1.6025356605664208e-05,-2.1501102660196217e-05
0.0,-0.011856221277512777,-0.030480565904013518,-0.0001305108719942354,-1.9709672811123896e-05,-3.97478313459538e-06
0.0,0.010938807962084574,0.000967754054841119,0.000440981893042278,-7.218928590885372e-06,0.00021439332304276477
0.0,0.05202540945008079,0.017596785107110546,-0.0005694164157903689,1.6302212636805557e-05,0.0001863571013406651
-2.0,0.0020978422044234946,-0.027192140942807475,-0.004496984614201023,-6.37118257662073e-05,0.00015162343729240707
0.0,0.01733718528304526,0.03414490241002144,0.0002458613560673642,9.905592469409427e-06,0.00019887699092600885
0.0,-0.010395831651359544,-0.0026415098389694636,0.001461398334470967,3.183846118548405e-05,8.263383203402071e-05
0.0,0.0226044965595711,0.02071230961951455,0.0018633200972939601,4.5499577155505685e-05,5.500988150068105e-05
0.0,0.05329266593292335,0.019258568659673,0.0016128886656054794,5.069076792974885e-05,3.9588097232320016e-05
0.0,-0.002172702961585976,0.03009906601569884,0.00205920441272833,4.097348953973877e-05,5.5193307487834096e-05
0.0,0.04108660148799621,0.016629031052269427,-0.001010398308832647,2.3521141227690933e-05,-2.8036221702099666e-05
0.0,0.0016908921703300134,0.019093198604647282,-0.00047948212049633555,-2.624657504445726e-06,-2.916286116050798e-06
0.0,0.061863746215470014,0.02233665099915448,-0.0006414362840977644,2.684179945030487e-05,-3.112154237227e-05
-1.0,-0.08068644793780855,-0.03458777173693092,0.00046586324055277514,2.657504529084998e-05,3.109637392766684e-05
0.0,0.006685574942185454,-0.031188674505364042,8.008536506714202e-05,1.2274037280649426e-05,3.733457918993867e-05
0.0,-0.04113628259546401,-0.08866382250265617,1.8101319196461114e-05,-1.1085007226564405e-05,2.498841406728997e-05
0.0,0.002960773168137143,-0.023656168352709575,0.00044958352920336996,1.5599520757875476e-05,-1.4113429830730177e-06
0.0,-0.03607337903239713,-0.08534592679942382,-0.0010187137950865594,-2.1215760304455522e-05,-5.1971547703674536e-05
0.0,-0.009911024645878452,0.007161360906726602,0.0006193934564233632,-1.8705325516292203e-06,1.2336463598190698e-05
0.0,0.0207771447274738,0.005707619946885054,0.00036896202473488246,3.32065822261394e-06,-3.085320670170337e-06
0.0,-0.03468822416703553,0.016548117302910892,0.0008152777718577331,-6.396620167396132e-06,1.2519889585343743e-05
0.0,0.02972131501360692,-0.00559332490158293,-0.004961449537096757,7.197029672801623e-06,-3.057273688935028e-05
0.0,0.019591441820681746,-0.04310757565130413,-0.00027999187887239657,-7.832221240175088e-06,-1.6645977751337713e-05
0.0,0.0636884975842829,0.021900078498642464,0.00015149033113451228,1.8852306744264793e-05,-4.30457348017007e-05
0.0,0.024654345383748624,-0.03978967994807178,-0.001316806993155417,-1.7962974318066204e-05,-9.360593952230221e-05
-3.0,0.000888322422867377,-0.009640523953514196,-0.0028371750771770225,-2.969231071084573e-05,-2.969231071084573e-05
0.0,-0.0037248017740483114,0.007532506152654467,0.00036949816413622794,3.3254834772260492e-06,-3.874592217301169e-05
0.0,-0.030241235956931845,0.023881808635078813,0.0005554310825488769,2.195416425626861e-06,-1.7858048693863412e-05
0.0,-0.01215246080376732,-0.01974308774678886,-0.0002898100298492465,-2.1218794275531088e-05,-3.450693419277108e-05
0.0,0.030688169373352253,-0.0014537409598415485,-0.0002504314316884807,5.1911907742431604e-06,-1.5421784268361036e-05
0.0,-0.024777199521157076,0.00938675639618429,0.00019588431543436993,-4.5260876157669115e-06,1.834259871530446e-07
0.0,0.04409705576360115,0.0650076541499466,0.00043148221000690885,2.668452798443988e-05,-2.6399757050362987e-05
0.0,0.005062903563066878,0.0033178957032323486,-0.0010368151142830205,-1.0130753077891116e-05,-7.69599617709645e-05
0.0,0.06017285404514,0.0032434523945071986,-0.00016195416360142891,2.9466456954750598e-05,-2.8205256256219205e-05
0.0,0.03365641986225647,0.019592754876931545,2.3978754811220058e-05,2.833638990315141e-05,-7.317382777070929e-06
-2.0,0.015029076087138493,-0.028814008965280663,-0.001965083530932156,-6.484880471909805e-06,-9.130222311065612e-05
0.0,-0.026516434182883533,0.016349302482424347,0.00018593291841264897,-1.1300670515991881e-06,2.0887873479148276e-05
-2.0,-0.018627343775117974,-0.04840676384221221,-0.0019890622857433767,-3.482127037506122e-05,-8.398484033358519e-05
-3.0,-0.04904047845209533,-0.043692573311869015,-0.002883083091817817,-1.8699650729830607e-05,-2.141987347707317e-05
0.0,0.018088775153164524,-0.04362489638186767,-0.0008452411123981234,-2.341421070115795e-05,-1.6648885498907666e-05
0.0,-0.03617412646283669,-0.05442317736748112,-5.7158345375928564e-05,-2.2383966935290295e-05,-3.893553951472331e-06
-1.0,-0.030413134676977358,0.004714190530343193,-0.0008940208060744404,1.6121619645230607e-05,6.256496685651203e-05
0.0,0.02530451554350706,-0.013959922644033645,-0.0007260725693878147,-1.4856771960528939e-05,-2.326538142399638e-06
0.0,-0.028958386072494152,-0.02475820362964709,6.201019763438015e-05,-1.3826528194661284e-05,1.0428793405035697e-05
0.0,-0.011972910051576843,-0.053602229925431816,0.003515177082979013,9.234128590170968e-06,3.404137627565476e-05
0.0,-0.05426290161600121,-0.010798280985613445,0.0007880827670221948,1.030243765867655e-06,1.2755331547435335e-05
1.0,-0.002641573742143563,-0.03527532205860259,-3.517295563867798e-05,3.295207171698555e-05,5.497472494127874e-06
0.0,-0.02114742907374373,-0.0040217567321799985,0.0012382121162383749,-9.214282745823618e-06,1.1215443259984094e-05
0.0,-0.009381240545209488,-0.008656863629891903,-0.0008838708771216682,-7.954837894095013e-06,4.9079709843995455e-06
0.0,-0.009087624744333153,0.009684663725076703,-0.001678870180697577,-1.5109831626278196e-05,3.354432071400087e-05
0.0,-0.015481050470497235,0.003933914831111912,-0.0010925829906202316,-1.1104592972839746e-05,-3.916243939984625e-05
0.0,-0.0298381324228163,0.0004385703740604485,-0.0008051209477369793,-2.7429515304756776e-05,3.5698294271774587e-06
0.0,-0.027521274806020693,0.01576434784495498,-0.0011315193188962832,-1.1262670273411874e-05,-3.9281208631413813e-05
0.0,-0.02702559983960623,-0.019013352739644662,-0.001871330878780182,-1.6841977909021643e-05,-2.364610703711933e-05
0.0,-0.025362316597213067,-0.01758822573017746,-0.0015817951181434941,-5.133062874510802e-05,3.476156363889868e-05
-2.0,-0.011674380742090623,-0.050884642121476226,-0.0019413775828877088,-5.665081281446888e-05,-2.8946719638330294e-05
0.0,0.01890128361772138,-0.010185757036111465,-0.0009308882038513996,6.957251652129026e-05,5.1338839708888816e-05
0.0,0.002767169412188686,0.023896189222008937,0.0009410137983349817,4.733117736237254e-05,1.1811700543665476e-05
-3.0,-0.022719642760265182,-0.06283743559436272,-0.0012887221058960332,4.175277417692544e-06,-1.3173406961325767e-05
0.0,-0.0018492240607617672,-0.01943185038712772,-5.713897089080187e-05,5.725283284281169e-05,2.1364348422065404e-05
-1.0,-0.004670100714542533,-0.04888906062909679,-0.0020757314257384345,5.473852950402401e-05,7.042276995346756e-05
0.0,0.00029361580087633454,0.018341527354968606,-0.0007949993035759088,-7.154993732183183e-06,2.8636349729601326e-05
0.0,-0.01584049840465636,0.05242347361308901,0.0010769026986104724,-2.939633289110091e-05,-1.0890789435622015e-05
0.0,-0.018140034260811205,0.024421211474846882,-0.000247648441774615,-3.307832379316861e-06,-4.418917961581336e-05
0.0,-0.016134114205532693,0.0340819462581204,0.0018719020021863812,-2.2241339158917726e-05,-3.952713916522334e-05
0.0,-0.020750507678483146,-0.009246093351016255,0.0008737492329605977,-1.2319683678478578e-05,-2.9974491286823412e-05
2.0,0.01285559060592624,0.03801356911608389,0.002929066252183806,6.880037780566763e-05,8.193461179862587e-05
2.0,0.013351265572340704,0.0032358685314842484,0.0021892546922999074,6.322107017005786e-05,9.756971339292035e-05
-3.0,-0.025486812172453868,-0.08673362481637166,-0.0022297359042310148,-4.315589994468e-05,-2.4985107504991243e-05
0.0,-0.002299535856154847,-0.028002262138242126,-0.0013245511403850874,2.608850051178405e-05,-3.3298390180191344e-05
0.0,-0.014357081952319065,-0.0034953444570514636,0.00028746204288325234,-1.6324922331917027e-05,4.273226882702371e-05
-2.0,0.0038066697284066114,-0.05481855695258814,-0.0008487945922674772,-4.554621984162913e-05,1.0215719761515955e-05
-1.0,0.00868149707848695,-0.03872818724204555,0.0001722652203372194,-5.3428929667797705e-05,8.722943275683017e-05
0.0,0.0010294803977119876,0.0010909061092121697,-0.001768316311997527,-4.032133169170891e-05,4.429358986488876e-05
0.0,0.015386562350031052,0.004586250566263633,-0.0020557783548807796,-2.3996409359791885e-05,1.561321037865055e-06
-3.0,0.010914522780630653,-0.03085598752820659,-0.00029381198134788766,-5.760695020604576e-05,-2.514102553973299e-06
1.0,-0.015815989464969593,-0.055377127112851726,0.00021259744162656748,-1.593792136584683e-05,-5.3126404552822725e-06
0.0,0.009732710277953305,0.02157910040017627,-0.002847595370870571,3.987840835875938e-05,6.784028452293118e-05
0.0,0.022021504146176624,0.01393893902933832,0.0004323518507054272,-4.434825263096689e-07,-5.2102751295490525e-06
0.0,0.005657147596509815,0.01973246392778913,0.0017745802248665592,1.1485376114578876e-05,4.074252719833032e-05
0.0,0.03372395726196907,-0.008770895292711273,0.0025626787914299403,2.5003903648338243e-05,-1.3488934446356736e-05
0.0,-0.016579600141383405,-0.017035970400636646,0.0045918323332441195,-1.8184723558568476e-05,1.0547789840103134e-05
0.0,-0.015629905026131596,0.030462297260357346,-0.0026763339024354115,1.0789665006394557e-05,1.6560571558104757e-05
0.0,0.011702453115792447,-0.022709834322049594,0.002130326940724513,2.5447386174647912e-05,-8.278659316807683e-06
0.0,0.0004956749664144638,-0.03477770058459964,-0.0007398115598838987,-5.579307635609768e-06,1.5635101594294482e-05
-1.0,0.003067225227398704,0.009720951458697585,-0.00044064126146870115,-2.3489955902558177e-05,-7.709597356341797e-06
2.0,-0.011674026584463176,0.01723406646903919,0.0015925344811782939,3.906401491557054e-05,-1.4958129044366475e-06
0.0,-0.005628036473019488,0.009851804244531845,-0.000647740367708199,0.00010706474145327877,0.00026385543916535606
0.0,-0.009753191589618876,-0.004917609166740694,-0.000942339275052027,8.044105178527046e-05,0.00023238526071300356
0.0,0.016155506006771916,0.007570901904415561,-0.00027135138907936494,0.00012490302175476717,0.0002592251612534189
0.0,0.001995517553924686,-0.0034984742568990868,-0.0005239574781156957,-3.902237547091279e-05,-9.49354841364285e-05
0.0,9.921824266284629e-05,-0.003744588397666615,0.001070949924141046,6.500664747677861e-05,3.29004855643455e-05
0.0,-0.004254979153152705,0.025794596103495104,0.001014785539632304,-1.3579168977932748e-05,3.554837486331097e-05
-1.0,-0.00616421551951625,-0.020816004913168706,0.0018310756289377683,-5.807965763767863e-05,-9.679942939613107e-05
2.0,-0.013584588025418315,-0.011519836621452173,0.0007412809146183199,8.993856394625774e-06,-0.00016242324911543314
1.0,0.007808569532350082,-0.01068971265622698,-0.000831987254971034,1.0544417947062138e-05,-5.4404115011587964e-05
0.0,-0.0018962993112618398,-0.00024611414076752824,0.0015949074022567418,0.0001040290229476914,0.000127835969700774
1.0,-0.02469622965418844,-0.002718108218545956,-0.0012484452403873003,2.7227608676027226e-05,0.00016678866717273428
3.0,-0.007420372505902065,0.009296168291716533,-0.0010897947143194485,6.70735140323044e-05,-6.562381971930207e-05
0.0,-0.007787060540146676,-0.038681332552875994,0.0005332477872665724,-9.061102694943563e-05,6.333405713567324e-06
0.0,-3.771430144040855e-05,-0.059128545201617436,-0.0011370468732918566,-4.215686039867323e-05,-0.00016890709223224158
0.0,0.021783542479791404,-0.0022809023401162837,0.00037638897862883407,1.7838280301488388e-05,-4.630277911937158e-06
0.0,0.007749346238706267,-0.020447212648741442,-0.001670294660558429,4.8454166550762406e-05,-0.0001752404979458089
0.0,0.02957060301993808,0.03640043021275971,-0.00015685880863773832,0.00010844930725092402,-1.0963683625504482e-05
0.0,0.025908697596390792,0.012488511071156255,0.000670987885972662,4.44619699694967e-05,2.6839900540415342e-05
0.0,0.003925824043534726,-0.03078654280834875,-0.0012337802941394349,-3.1683168535989324e-05,8.436983289310234e-05
0.0,0.026431550271083792,0.019672035363340307,-0.00024735435562574487,4.8181876089814774e-05,5.581175179780891e-06
0.0,0.004448676718227726,-0.023603018516164698,-0.002152122535737842,-2.7963262415671247e-05,6.311110753246789e-05
0.0,0.0016632832423931626,0.001425127009467203,0.0002895357606366878,-3.448865083608637e-05,5.840767067601801e-05
2.0,-0.006894747263628348,0.015068207744089956,0.0016522277023450307,2.8745060399413054e-05,-7.616262061884857e-06
1.0,0.00647920968669112,0.021002425164583893,0.0006978111114663062,4.8574556357136555e-05,-2.8411500658452626e-05
0.0,0.006793188591494095,-0.01822820864720881,0.001292645237600816,2.3424876330052196e-05,-7.132454533911383e-05
0.0,-0.021982873552856066,-0.043275053879505004,-0.001904768180112097,-7.614513850548602e-05,5.7529932352686996e-05
2.0,-0.034876841203913496,-0.03832838244414277,-0.0009307009738038353,-2.431340163539803e-05,-1.0051321653653517e-05
-2.0,0.013687935855122443,-0.033296416391298767,-0.0003595824647442147,-5.320184069360858e-06,-6.370828327722898e-05
-1.0,0.0003139789048029751,-0.0392306338117927,0.0005948341261345098,-2.514968002708436e-05,-4.29130446806612e-05
0.0,0.0011102903091845667,-0.010699793360973264,-0.0020525283043653173,8.132764446230895e-05,0.00013309360094070815
1.0,-0.038124184536640945,-0.04078202821235115,0.0022111313775971505,1.96611480969521e-05,-8.870347409669575e-05
0.0,0.01421265062579824,0.00033919713556182507,7.549221957768126e-05,-9.556897202989783e-05,-1.3508064341442053e-05
0.0,0.033844299614761486,0.022455473141921242,-0.004375242434640936,-3.937718191176843e-05,-0.00015145999908981647
0.0,-0.015969433514086057,-0.023439350398066522,0.0009969992807618015,-7.069047808928038e-05,3.0775982856362408e-06
0.0,0.006152764392482038,-0.004311865028592238,0.00024554094999917593,2.209868549992582e-06,4.311015834278198e-05
0.0,0.019631648988963246,0.022116276006359417,-0.004450734654218617,5.61917901181294e-05,-0.0001379519347483744
0.0,-0.027691535222279448,-0.02676733817051348,0.004620783384640112,4.158705046176101e-05,0.00019457015743259843
0.0,0.03738329602621916,-0.0090497741900962,-0.0025760099075476115,-1.9347758700436874e-05,-1.2726735520269243e-05
0.0,0.03473661826521375,-0.018007649430699435,-4.363769200953216e-07,1.1787790275528737e-05,1.5059230109066695e-05
0.0,0.018476233523792296,-0.005519128911906035,-0.0012978298986265069,1.2989873460067714e-05,-2.8529108822177863e-05
0.0,-0.0012771722283854842,0.011778148057247112,-0.0007512568501214217,2.2255132134504723e-05,2.603442261712633e-07
0.0,-0.032928107738651305,-0.007019028651021164,0.002328466664593252,2.0607987748425364e-05,8.201532718832773e-05
0.0,-0.003923849989390896,0.002820272816643876,0.0018243166805060943,5.3390681110470333e-05,2.80463098555072e-05
0.0,-0.030443489204050767,0.030378020233123415,0.0013958152614149937,4.001594117605632e-05,1.7580196856539944e-05
0.0,-0.004354197395815551,0.02953918450116172,-5.616438450874216e-05,-7.858581645471135e-05,2.6478892989654715e-06
0.0,-0.0026466777610054115,-0.008957875240603236,0.002575573530627516,3.113554897596561e-05,2.7785965629335938e-05
0.0,0.034316301432906524,-0.023618886161480418,-0.0016822635142623571,2.7716083710447825e-05,0.00010804886642784884
0.0,-0.014125985948952188,-0.01381184286895154,0.0005855364476386037,-1.6358874298654025e-05,0.00013401218377022308
0.0,0.03259914106927325,-0.027859945199433384,-0.0030629643356202396,3.371413239585845e-05,-0.00018594502757251417
0.0,-0.04844228738185871,0.009807043292528878,0.002267799961900961,-4.407495800910185e-05,2.5963317342374257e-05
0.0,-0.0027427398803262504,0.017733178904822372,-0.0013470038018425223,6.160325210807243e-05,0.00011322920491453622
-2.0,-0.02806361084138298,0.01665305883042295,0.00023487607089136024,-6.080208132029198e-05,5.629565005813551e-05
0.0,0.03872249599855404,0.023525639252208186,-0.0002536287780451202,-2.2826590024060806e-06,-5.4889904712611816e-05
0.0,-0.04553463644398635,0.0019633998289472765,-0.0005166152255066487,-1.4133828671527826e-05,0.00010736808570675435
-2.0,-0.016546594620974395,0.027500474679471892,-0.00012553938448853783,-4.654124804823331e-05,0.00022546588089411457
-2.0,0.02578192364652497,-0.02895474352209576,-0.00012506921698182683,-7.167263819509267e-05,-0.0003407849653752263
0.0,-0.008026464480493503,0.01062133685174832,-0.0008763880477561112,4.712276020628776e-07,9.195795965118752e-05
-1.0,0.029087059394301645,-0.011752730187393923,-0.0024294161178677947,-2.7909809824361304e-06,-4.23373765513568e-05
0.0,-0.08425713244254039,-0.02156223942326091,-0.00026298644746152854,-1.1851169669121745e-05,0.00016225799041936616
-2.0,0.028988041823011956,0.025537074850524616,0.0003910758410181109,-3.2407419376705485e-05,0.00011809779518736022
1.0,-0.014644911384634154,0.030578732282727922,0.0035906290595200674,6.71733405298913e-05,0.00013015697663946188
0.0,0.004740865451031362,-0.02500226764790811,-3.8761236180831406e-05,4.760248905447235e-06,2.01928979024877e-05
0.0,-0.010288184544313697,-0.0019865932257373264,0.0003422798785915614,-8.219873796300661e-05,-1.3664240196805639e-05
0.0,0.011095064547923951,0.00869380859163349,0.00014419355992874219,-1.2222720176624119e-05,5.6391515268183775e-05
0.0,0.013052199740913789,0.014151966455333564,0.0003006471034129617,5.726522672019369e-06,-9.575346729018844e-06
0.0,-0.016156597167344966,0.0032961379115887535,8.496658527840052e-05,-4.257106832596108e-05,-0.000116161293919564
0.0,-0.016444172849330127,0.009833248404027328,0.0002029901862010985,-2.457529973089048e-05,-1.2738069285195432e-05
0.0,0.006354199096892589,0.0336960762395416,0.0001829547961095736,-1.698296908207135e-05,3.6198617365696076e-05
0.0,0.011435463921190908,0.023704195702371145,0.0002749866651074375,4.2096378067412315e-05,-0.0001528794409617199
0.0,0.023340384285227486,0.01613855968107089,-4.163277517859969e-05,8.792526063502598e-05,4.0888934677867946e-06
0.0,0.001123262827275956,0.023865696045151846,-8.26470253892089e-05,1.823032213439678e-05,6.104684886270925e-05
0.0,0.022510796264237555,0.030399938327952847,9.798821083117307e-05,2.558809924388973e-05,0.00015235991128526006
0.0,-0.006611997781105411,-0.004537764446327391,0.0001823593996132095,5.208729113761383e-05,2.7984918387380354e-05
0.0,0.011904920364036578,-0.007565636021300254,-0.0003166194402860372,4.582888256761366e-05,0.0001569683344295067
0.0,0.018681483900793633,-0.009487770606948026,-0.00031789114378088937,4.7905838525931995e-05,0.000164689161805901
0.0,-0.00020475430167671282,0.026092796327170736,3.185478929892602e-05,3.649620177589739e-05,0.00013355513513118732
0.0,-0.013638517522562468,0.02054148667904726,-0.00011577113718997105,2.3789596628709625e-06,0.00023909853502114767
0.0,0.0213875334369616,0.0065342422828010005,0.00018063523622038197,7.35777710949295e-06,9.131306242255082e-05
0.0,0.026565290357774524,-0.010729002204288962,0.0002547232885893141,2.6654131827870854e-05,8.760523845670798e-06
-1.0,0.00256039741763589,-0.02768888018071078,-0.00043178203929134375,-2.442721617076056e-05,8.781251665615709e-05
0.0,0.00852195981517459,0.051706878188306535,0.00045020372041912826,1.308348152237654e-05,0.00010395000080991909
0.0,0.0051777569208129245,-0.017263244487089963,7.408805236893215e-05,1.9296354718377904e-05,-8.255253857688003e-05
0.0,0.001957135192989838,0.005458157863700075,0.00015645354348421952,1.7949242848643488e-05,-6.596686199720262e-05
0.0,-0.0032206217278230864,0.022721402350790038,8.236549111528737e-05,-1.3471118697344156e-06,1.6585676579677406e-05
0.0,0.016232301720274338,0.04921595727120885,-0.0004561331664693981,-2.9340861871147398e-05,-8.68699088113637e-05
0.0,0.0035559418089339684,0.020799267765142265,8.10937876204352e-05,7.298440885839166e-07,2.4306503956071705e-05
0.0,-0.018043330542599934,0.0624358803925955,0.00019548043182981414,-1.3570650305494313e-05,9.518947696424829e-05
0.0,0.006776563536757055,-0.0019221345856477723,-1.2717034948521704e-06,2.0769559583183322e-06,7.720827376394299e-06
0.0,0.024365859904235614,0.017603099426016663,-0.0011132453474427258,-4.616665060473262e-05,-6.517916641794982e-05
1.0,0.0059615623975387,0.07939575836901731,0.000881985759710472,3.75106976931371e-05,1.6137484153762e-05
2.0,-0.002026530847805047,0.1367189908650475,-0.00014702517926184046,2.6214927107363356e-05,-6.711962307757019e-05
2.0,0.0012226775933997583,0.12481633076523277,0.000371448733700479,2.4801660467277293e-05,-0.00016904492233487284
-1.0,0.008690044558120329,0.012503759516559187,0.001302256732550523,-2.7411118897401025e-05,-0.00019496816215420446
1.0,-0.015341841577844385,0.06463063446735262,0.00043060821827138954,5.209942685645504e-05,-0.0001710784960873952
1.0,0.013618163465187953,0.060334343120924366,0.0015338415018818026,1.5454202712750934e-05,0.00015172035967988464
2.0,-0.010713910647843126,0.056883769684863,0.000254904127999236,4.0590200027050624e-05,0.00011836597387506308
1.0,-0.0010312978713694354,0.063139831259755,-2.4928050007142974e-06,1.4784977463114788e-05,0.00014470490291154054
0.0,0.018722739016983847,0.0007216123880842418,0.0007366713914404711,3.197888871356895e-06,-7.50489669392172e-05
0.0,0.0032492084412048053,-0.011902660099814721,0.0005184739129623194,-1.4132666400860634e-06,-0.00010192529925730264
0.0,0.009530281311331129,0.017900910010818866,0.0006454966186757971,5.809469568082174e-06,8.826829520823369e-05
0.0,0.01841905388602158,0.05076174916468226,2.6030792644405644e-05,2.3427713379965117e-07,-7.75422435939072e-06
2.0,0.0049281189070676246,0.04783058360436518,0.00023158476933127963,4.286532161015196e-05,0.0003466885218340891
2.0,-0.017684639677279963,0.06372921328660663,5.057208739248694e-05,8.781053116890065e-05,0.0003195970756702063
0.0,0.02896000504303234,-0.004296291346428255,0.001103233283610413,-3.664522414370411e-05,0.00032279885576727986
0.0,0.006347246458684751,0.0116023383358132,0.0009222206016716204,8.299985415044585e-06,0.000295707409603397
0.0,-0.022612758584347588,0.015898629682241455,-0.0001810126819387927,4.4945209558748695e-05,-2.7091446163882805e-05
0.0,0.00013129364181314884,-0.01594494568290447,-0.0004170043761581962,-7.1851930370311084e-06,-0.00010838875075642706
0.0,0.008888772574690451,0.0328608391538634,-0.0006194658260313914,-5.575192434282523e-06,-9.602251956762441e-05
-1.0,-0.012887591413043124,-0.0038526106811064,-0.0005842979043941802,-5.2586811395476225e-06,4.7799748764611004e-05
0.0,-0.015473530575779042,-0.012624272487898963,-0.00021819747847815168,-4.6111555114429585e-06,-2.6876332318085435e-05
0.0,0.008757478932877302,0.04880578483676787,-0.00020246144987319525,1.6100006027485858e-06,1.236623118880265e-05
-1.0,-0.013018885054856273,0.012092335001798071,-0.00016729352823598403,1.926511897483486e-06,0.00015618849952103806
0.0,0.024231009508656344,0.06143005732466683,1.573602860495643e-05,6.221156114191544e-06,3.9242563506888085e-05
0.0,0.007709382590340208,0.020363167504529323,-0.000256664459496082,2.1681261579888688e-05,6.743920651935948e-05
0.0,0.007325400385206418,0.011166058814590374,-0.0012249531084244343,1.0565242517182983e-05,-9.323076464995216e-05
1.0,0.004874827350080338,0.01609036971054259,0.0010210598126046966,-7.882709826168577e-06,7.701371299531421e-05
1.0,0.007745701055518292,-0.007425540226012911,0.0017957800976756333,3.0499718182579623e-05,7.17743975167182e-05
0.0,-0.01361172729813355,0.0002868011919623381,-6.841677885018223e-05,2.914306263463047e-05,4.455414505871216e-05
1.0,0.004829507249467624,0.028738678037819043,-0.0011217474441538324,3.2942033277252065e-05,8.110102566897715e-05
0.0,-0.0026116001478883044,-0.016344964326619693,-0.00018210624078087155,1.394513453264505e-06,5.881541259405497e-05
0.0,0.010850655725971263,0.0346455546648477,-0.0034160588928553127,7.071231573740998e-06,7.587063700690799e-05
-2.0,-0.023933646044609902,-0.014203420091078195,-0.001569099014547161,-6.177668704967578e-06,-0.00016517777382959065
0.0,0.013462255873859567,0.05099051899146739,-0.0032339526520744413,5.676718120476493e-06,1.7055224412853025e-05
-1.0,-0.02135742835365184,0.007712341417975249,-0.0018641968765258155,-1.3566555479491545e-06,-2.7220252458006032e-05
1.0,0.008616908181781277,-0.006512309761088797,0.0003787706195943169,-2.3321195745503278e-05,1.0918008045142738e-05
1.0,-0.0017715659103109266,0.0026735954983234944,0.0017464468128672525,-4.02845402201843e-06,0.00023739439317892782
1.0,0.020430449608072984,0.006842623101326356,0.0016635002226735541,1.4971502004061987e-05,2.9670987607928684e-05
-1.0,0.011107803850674128,-0.017955300456159257,-0.0022121567097031364,-2.5050919821290484e-05,3.8105136135414006e-05
-2.0,0.0007536839223608177,-0.008815524197338415,0.0008885555965044199,-2.187453881494216e-05,1.6293494668282588e-05
-1.0,-0.03481968422751141,-0.043278177573492144,0.0013697557755486256,-7.033373668425648e-06,-4.4275476870859057e-05
1.0,-0.03730955160325291,-0.037359855060263986,0.002704851094670984,4.597184514215156e-06,-1.994751232585341e-05
-2.0,-0.034784301770581165,-0.048848974755925895,0.0018469598783081517,-1.3248900278708576e-05,-0.00024104841083649866
1.0,-0.016922383221904175,-0.057328151044174186,-0.002029234471378532,6.462009448251833e-06,3.0600912932379174e-06
-1.0,-0.008424407458649308,-0.011667647789701946,0.0011507746537485898,-1.3104395361677528e-05,3.096982562646651e-05
2.0,-0.0024898673757415,0.005918322513228158,0.0013350953191223586,1.1630558182640804e-05,2.4327964545005647e-05
1.0,0.03766780236632523,0.039576153343632015,-0.0006493835145137366,1.351672401773965e-05,2.5242705424038607e-05
0.0,0.003995205298227222,-0.03152406083282264,0.001986284190838521,-3.2291875972534824e-05,5.5427586615804865e-06
-1.0,-0.011646263842650398,-0.03349796259721605,-0.0006710604620609501,-3.808092950776624e-05,-2.4414737396086108e-05
0.0,-0.0059633332656697235,-0.013134459414025634,0.000458962385287932,-1.721573467139943e-05,-1.8373005872718627e-05
0.0,0.0009507034163226263,0.011423514024385767,0.0009357119863678623,3.5151539199162895e-05,-6.581008827631e-05
0.0,0.011813541426291707,0.013354932862415153,0.0012847296030792372,3.8292697749565264e-05,1.8752979562785947e-05
0.0,-0.013064337423716085,-0.007078229984384982,-0.00041896647641899865,1.4060056241496877e-05,0.00016475642746785853
1.0,0.007732449403987651,0.008523786274687889,-0.0005469166470847545,4.351811625708996e-06,-3.553146332294129e-05
2.0,0.046092209824974535,0.05124380113333396,-0.0018001581682623264,2.6621119379417177e-05,-5.727120202427901e-06
2.0,0.012386280856713838,0.02680182166886888,-0.0014305993013355171,2.994714918175846e-05,-2.587991717568829e-05
0.0,0.02220201551838391,0.004169027603002862,-8.294659019369847e-05,1.8999956026080416e-05,-0.00020772340557099914
-3.0,0.0025252498326717443,-0.011489119695661909,-0.0008578912163628325,-1.7846084792923732e-05,-0.00022110089851064523
-1.0,0.04015766974206673,0.033657830830403856,-0.0019844788336360955,1.8861658350988459e-06,9.147408790329602e-07
0.0,0.01086283800996908,0.0019314188380293862,0.00034901761671137486,3.1411585504023723e-06,8.456306783909595e-05
0.0,-0.014015040840038712,-0.01850174400877075,-0.001354678462786861,-2.1091482957666018e-05,0.00023056651574416854
0.0,0.012815827093574816,0.015657388876858275,0.0005730117957721858,5.157106161949672e-06,-9.092320824485107e-05
0.0,-0.0003839822051337899,-0.009197108689938949,-0.0009682886489283523,-1.1116019062705705e-05,-0.00016066997116931164
1.0,0.038359760420986884,0.04272001485864607,-0.0012532415211775718,2.226930775370818e-05,2.9804343120513387e-05
2.0,0.022357095280909803,0.026957181670073965,0.000872284901325636,4.1399045556237054e-05,-0.00035432007941346575
1.0,0.004653831452726187,0.01827803539418099,-0.0008836826542507625,2.5595337556049466e-05,9.651546147252998e-06
1.0,0.005682930576980674,0.020363503183190412,0.001130022847348882,2.0865194836366812e-05,6.04173152336748e-06
2.0,0.019605601123659125,0.03403061334393934,0.0011459842329067632,4.235524344537856e-05,-2.4245129640003887e-05
2.0,0.004052473474233237,-0.02737949327082556,-0.0014562683852402682,-4.910994469723509e-05,-2.6066877204090403e-05
-1.0,0.017955654223682817,0.029488803227400995,-0.001901532243442397,-1.711379019098157e-05,0.00020863814645003212
0.0,0.0019529890836057356,0.013725970038828889,0.00022399417906081092,2.0159476115473e-06,-0.00017548627608394702
1.0,0.01392267054667845,0.013667110160748924,1.5961385557881078e-05,2.1490048609011746e-05,-3.0286861163371368e-05
-1.0,0.004220795014881248,-0.015402875953537676,-0.0023681434711183146,-1.4800248781943262e-05,2.7187461107998758e-06
-1.0,-0.01035411992831331,0.009139776258820842,0.003100712306207556,3.1763810063483225e-06,-2.1811641467131418e-05
1.0,-0.01600266514007708,-0.015762833188572106,0.0021255264225032077,1.912973780252887e-05,-0.0003841244225339791
0.0,0.024028556308497942,0.0001319385732933831,0.0007491768187219699,1.8291064714587328e-05,4.388046742487725e-05
0.0,0.033678976152531,-0.0036740782550185314,-0.0002742997999951261,9.079775146133467e-06,6.741663428708141e-05
0.0,0.015620074656620436,-0.009596130194529123,0.0008371722735812034,-9.284922302998583e-06,6.11052497042568e-05
0.0,0.011743407207828474,0.0013273070651314,-0.00018520542570076904,1.4009313482437278e-05,-4.236548523571098e-05
0.0,0.021393827051861533,-0.0024787097631805144,-0.0012086820444178652,4.798023913983417e-06,-1.8829318373506817e-05
0.0,0.0033349255559509683,-0.008400761702691106,-9.720997084153554e-05,-1.3566673535148633e-05,-2.5140702956331423e-05
0.0,0.009650419844033059,-0.0038060168283119145,-0.001023476618717096,-9.211289568453861e-06,2.353616686220416e-05
0.0,-0.018058901495910565,-0.005922051939510592,0.0011114720735763296,-1.836469744913205e-05,-6.311384582824606e-06
0.0,0.05399636585285236,-0.006879429620658906,0.0011621114606778322,6.865616296577688e-06,-2.5042501359814767e-05
-1.0,-0.04015027025137778,-0.033328749136626284,0.002660437348125903,3.486112899333001e-05,2.3353917710390148e-06
0.0,-0.0041245259832935754,-0.009033386488048023,-0.00024466299690865424,3.8153629849884785e-06,-1.284232415670243e-05
0.0,-0.03432970069568367,0.007683702346671262,0.003583607033909291,-9.373968579697573e-06,-5.774022038331704e-05
0.0,-0.07021493293822195,-0.012319091509934155,0.0020996654528808055,-2.0517703390707374e-05,7.411013747851728e-06
0.0,-0.035885232242538284,-0.020002793856605416,-0.0014839415810284856,-1.1143734811009801e-05,6.515123413116877e-05
0.0,0.022122197906568095,0.019127485369474284,-0.0007514583307626257,7.290034663927296e-05,4.003256005714574e-05
0.0,0.029386258901782564,-0.030833769569499125,0.00011573820760950294,3.1088847530669545e-05,-7.479085149413306e-05
0.0,0.028066809665459255,-0.0285033592205004,0.0007880985665633812,1.3518527533759365e-05,-5.423146164468705e-05
1.0,-0.006343228756153299,0.010079406783739503,0.002083545693150145,1.370009078678592e-05,-2.081523578545828e-05
1.0,0.001869828356240652,0.022774586523172213,0.0017954026533146404,1.6158623879831765e-05,-2.787673389042345e-05
-1.0,0.0007959503182092958,-0.08624853054620046,0.0011529655325224178,-6.332685385466212e-05,-6.260644836690121e-05
-1.0,0.005946728725420861,0.026676579620358132,0.001548531335551231,-2.5706330610195505e-05,5.2377066924194e-05
1.0,-0.009604147653015635,0.02108710513074838,0.0019109822473396517,3.0228395671868285e-06,2.8913561108982478e-05
1.0,-0.0029656564500009502,-0.046092490175138945,0.002105392703296542,1.8948534329668875e-05,-0.00022050174123106688
0.0,0.009860160209989859,0.03626876076571567,-0.00018277738443441232,-1.6449964599097128e-06,-5.074978635199518e-05
0.0,0.017443822504033285,0.053759099893630063,-0.00041156968252051675,-3.704127142684651e-06,-0.00017755365542977464
0.0,0.009178910044544443,0.026510249998095592,-0.0009192602882511565,-8.273342594260417e-06,2.5307048100246246e-05
0.0,0.032055571910747316,0.006871157307397485,0.00045360054601722316,4.0824049141550035e-06,-0.0026528078798005424
0.0,0.017496868012831547,0.015056537444769813,-0.0009619193489088967,-1.8024934067412605e-05,-0.00034310370198852984
0.0,0.012993030839038473,0.0014421213907858388,3.4114689943169456e-05,3.0703220948851867e-07,-0.00022595910782017891
0.0,0.008213057112393951,0.01269517973943271,-0.0002881430398355047,2.4585330930458447e-06,-7.061498104965171e-06
-1.0,0.01937598239908203,0.0178656589495321,-0.0008687151247404312,-4.129473996026637e-06,-0.00023941493650066694
0.0,-0.0008788054811852269,-0.006452475027521054,7.455162159947584e-05,5.722785045960668e-06,-3.240244051209068e-05
0.0,0.003377572306152349,-0.05617189695887845,2.1847010146396496e-05,5.248443542882955e-06,-0.0001996865054456086
0.0,-0.011473976009256287,-0.001687481392423834,0.00011557959402501124,-1.3135784312644936e-05,5.679029499940593e-05
0.0,0.005150778407211565,0.1129251101665586,0.0003955658030288132,3.762052324446661e-05,0.00011498351529109521
2.0,-0.015550876378436496,-0.005589474489609753,0.00036245091178842065,2.8729170177382334e-05,-2.3463505815211522e-05
2.0,-0.0018281394407610868,-0.033176595198945474,-0.0013269748607996974,-6.81675353164114e-05,-4.82963009153304e-05
0.0,0.0075836622940434265,0.017490339127914395,-0.00022879229808610443,-2.059130682774938e-06,-0.00012680386907777945
0.0,-0.01620641699374347,-0.03493736603530667,-0.0007729934720390281,-6.956941248351254e-06,-8.061609053893869e-07
0.0,-0.0006812501654454156,-0.009758510767620077,-0.0007364829038167442,-6.628346134350704e-06,7.605683445224143e-05
0.0,-0.0028048985759566575,-0.00809899785675558,-0.000541535370380154,-4.873818333421389e-06,-0.00015143659103885373
0.0,0.013722736937675409,-0.027587120709335722,-0.001689425772588118,-9.689670549379372e-05,-2.4832795100118878e-05
0.0,-0.010388560870000084,-0.025589336984669975,-0.00031274307229404953,-2.8146876506464507e-06,-2.4632721961074275e-05
0.0,0.01461174940671403,-0.04688794258623258,0.0008651702285377399,7.786532056839655e-06,-0.0024752542243707677
-1.0,0.005528747922679156,0.03383518099626348,-0.001077279615753272,2.3773320051264734e-05,-0.00015956014352247068
0.0,-0.0025508573362888337,0.014621993788151794,-0.0005479819810941661,2.9899857088124827e-05,-0.00028342416506162366
0.0,0.005481422037919348,0.029395492274227913,0.00038528132558377144,2.0933208802786538e-05,-0.00020833714330914887
-1.0,-0.008094500889326547,0.003469765840948741,-0.0014458090747010474,-3.697297465741807e-05,-0.0002874199420526501
1.0,-0.0004442897545132857,0.0017357470094745697,0.0013473785738635049,1.3489265489699682e-05,1.4840569276842693e-05
1.0,-0.020254787880267258,-0.024318133977053152,0.0009432667463399071,9.852259041987305e-06,0.00020701249598857626
1.0,-4.7325884759807924e-05,-0.004439688722035567,0.0014625609413370434,-2.840111248478196e-06,-4.877699978667819e-05
0.0,-0.019810498125753973,-0.026053880986527722,-0.0004041118275235978,-3.637006447712377e-06,0.00019217192671173357
0.0,0.00039696386975347775,-0.006175435731510137,0.00011518236747353849,-1.6329376738177878e-05,-6.361756906352089e-05
0.0,0.005766202913332109,0.005889433960964835,-0.0005866228375455249,-5.279605537909723e-06,-0.00028933502094946004
0.0,0.004256377787337576,-0.049719421931357394,-5.270461145307935e-05,-4.743415030777129e-07,-0.00016728406493351792
0.0,0.015525166828298055,0.025178855267686595,3.651056822228391e-05,3.285951140005501e-07,7.686299535763081e-05
0.0,0.008032279374208182,0.01477349848607612,0.0009332633066779375,-8.96664828533829e-06,7.508702175247482e-05
0.0,-0.011614504373579665,-0.0023849070874150946,0.0009864184577964262,-4.571068976375179e-05,-2.3820362559278416e-05
0.0,0.013401518417786813,0.026838368178551092,0.00023145810165887417,2.0831229149298655e-06,-0.00015063043013346434
-1.0,-0.005543643553037714,-0.011152227947203053,-0.0008978270936068813,-6.68728317455429e-05,-3.995776991026442e-06
0.0,-0.02713967120187772,-0.02756376235510169,0.0009499078895741423,-4.603928487775234e-05,-0.00010068335791690923
0.0,-0.006888952267290478,0.005285367941444324,-0.00037471239467121815,-5.681608281464368e-06,-0.00011333367898607843
0.0,0.008317957968287104,-0.011453712553325779,-4.265906065774013e-05,-9.75159147315219e-06,-0.0003684107500887761
0.0,0.005369239043578632,0.012064869692474972,-0.0007018052050190634,1.1049771200268155e-05,-0.00022571745188593916
-1.0,0.006070860820541951,-0.008767320859787958,-0.0018842455514033074,-2.116214198179111e-05,1.9824585568251974e-05
0.0,0.020250718934587242,0.032849130296546014,-0.0013246202842453604,4.035767659628797e-05,-1.2650321069169199e-05
0.0,0.010876964942439782,-0.01354260499415666,-0.00039325828810180593,-7.403519827764274e-06,-8.173515646340015e-05
-1.0,0.020959884365468646,-0.0792765867293882,1.3947731377075704e-05,-6.773160009818517e-08,1.5369132715175968e-05
3.0,-0.02702063630936558,-0.05333885918905093,0.0008999732330376294,7.002198251756102e-06,0.00038089736476935794
2.0,-0.030201846060874286,-0.025358877376172928,0.001215168093671143,-1.2319900839157672e-05,2.1647553933106488e-06
-1.0,-0.0031812097515087068,0.027979981812878002,0.00031519486063351365,-1.9322099090913774e-05,-0.0003787326093760473
-1.0,0.010082919423028865,-0.06573398173523154,0.00040720601947888163,7.335788227666089e-06,9.710428917857612e-05
0.0,0.0021201578795015386,1.9270779913233005e-05,0.0006971638223541334,-2.7142065782704122e-05,3.194812545676435e-05
0.0,-0.003867100500736964,-0.011743328030133754,0.0025131363364643768,-9.797930216903442e-06,5.3146513370520725e-05
0.0,-0.006750558630759587,-0.0016076183967986823,0.0008872435260933731,-2.8628905465030903e-05,4.382566689004004e-06
3.0,-0.0007295935160037126,0.021449084439785437,0.001718736128666446,6.056042671967975e-05,-9.28912073136117e-05
0.0,-0.002213606454292208,0.03561339813021072,-6.0032151736005065e-05,7.078403921907585e-06,-0.00045709734821175647
0.0,0.002363186655779191,0.002177425777518893,0.0006431525226129008,-9.806529820887101e-06,2.4545243838035758e-05
-2.0,0.0066270734154130415,-0.022015193814669903,0.0006217866672721098,-1.9750583586518756e-05,1.442303813305938e-07
0.0,0.004054065334511366,-0.011143073544533394,-0.0018732736517241843,-3.298335978282625e-05,1.6545648278547324e-05
0.0,-0.015368016119498035,0.006369223423529413,-0.0002871746356699768,6.695850323112674e-05,1.9472651262715055e-05
0.0,-0.007541274146560403,-0.02044181924395444,-0.002572089033363263,-2.8393242509745586e-06,1.2976703711762858e-05
-3.0,-0.008992242968738864,-0.017940479646113644,-0.00014079378694170403,-1.4869503177669435e-05,-0.0002704635549677401
0.0,-0.015402031698696098,-0.004564837846884412,-0.0016267873398891908,3.1423923315846706e-05,5.2889010792986135e-06
0.0,-0.01873499565366065,0.012717126029304554,-0.0007387429581532127,5.113788022456233e-05,1.649152209815076e-05
0.0,-0.02040071348483024,0.019589189879006458,0.0003579340054019745,2.7711919503173397e-06,4.5180732400537026e-05
0.0,0.007826741972937631,-0.026811042667483853,-0.0022849143976932866,-6.97978274821013e-05,-6.495947550952196e-06
0.0,-0.004872154672896173,-0.016314265030345915,1.4462650228634633e-05,-6.56008718558833e-05,4.211387004009081e-05
0.0,-0.014158786456434813,0.00900087344800124,6.1014031565670944e-05,5.49126284091037e-07,0.0002884373898526212
0.0,0.019646363215485498,0.007099229006060276,-0.000297281014319351,-2.6755291288741615e-06,-0.00022435040536067727
0.0,-0.004998681786134142,0.02415402772589087,0.0019847213452911655,-2.8652731365529366e-05,3.989183132123841e-05
0.0,-0.0016657178311695886,0.006872063849701904,0.0010966769635551872,-4.836668827424499e-05,2.8689210302386263e-05
-3.0,-0.0014509688221784611,0.002501339597840796,0.0024312952464215594,-1.2030178926694877e-05,-0.00028344025867950293
0.0,-0.012698896645833804,0.010496777637137938,0.0022993770479219212,4.1969556262179945e-06,4.8609817591043006e-05
0.0,0.004576793110071399,-0.03343597235269183,0.0007031846743489059,-1.6884933742794686e-05,0.00048164259204979223
0.0,0.015206910235577582,-0.016739080494770103,0.000332053334013478,-4.069983191687822e-06,-0.00025507707110269766
-3.0,0.004088275120772783,-0.04841011039088583,0.0003217703335650769,-4.2663687985516506e-05,0.0003272553542596552
-2.0,0.00884067986970525,-0.057628591944880625,0.0006818188190081149,-2.682898750842634e-05,0.0004572415785930871
0.0,0.010630117125506183,0.016696891857921725,-0.00037113134033542783,1.2814950551106864e-05,-0.0007367196631524899
0.0,0.0061262799517131095,0.003082475803937751,0.0006249026985166383,3.114691682800799e-05,-0.000619575068984139
0.0,-0.005987258380238503,-0.011762598810046987,0.0018159725141102434,1.734413556580068e-05,2.1198387913756377e-05
0.0,-0.004503837173793074,-0.013614416053983974,0.0009960340388520661,1.8331966276901125e-05,0.00011714459416835093
0.0,-0.002883458130022623,0.010135709633335072,-0.0016258928103710037,-1.883097524812746e-05,-4.876394668151672e-05
-1.0,-0.018931006040509242,-0.041078496831082334,-0.005636881767700412,-8.538183328181986e-05,-0.00038790372965138737
1.0,0.004752404748932466,-0.009218481553994795,0.00036004848544303795,1.583470047709017e-05,0.00012998622433343194
1.0,0.04215853920767419,-0.0751556567420471,0.0010881641906668922,-6.897852456427378e-05,-1.2207299474588926e-05
1.0,0.022529467604072623,0.017312265600291477,-0.00044383806186018776,3.721048520167596e-05,0.00010821018225251632
1.0,0.06243056866619303,0.029028623984732105,-0.004705872498027659,-7.557598258862489e-06,-8.094630005393139e-05
1.0,0.002170927129834674,-0.008470608003131846,0.0004184758577396254,-8.708119731690557e-06,9.633595049282748e-05
0.0,-0.0061677970012893185,-0.05756900048707714,0.00016100126004040113,-4.235389388868243e-05,-0.00011774997051444087
-2.0,-0.04128548128509266,-0.015770679746132277,0.0008048891846340988,-9.994289816660805e-05,-8.54523032692012e-05
0.0,-0.03728309674433532,0.023796510947165284,-0.00037859530484050637,4.284941663811253e-05,3.0243209341639755e-05
-2.0,-0.016606416810117194,-0.013391680789597793,0.0013453215582874475,-3.510076982264518e-05,-5.172298868226239e-06
0.0,-0.014911620576652782,-0.02637735047501738,-0.0006453732271578319,-7.853530640320693e-06,3.7349317306903325e-05
0.0,0.03451361434883626,0.02021130011457163,0.001248212382075843,3.435756882812718e-05,3.7151105536755086e-05
0.0,-0.0026560860155471766,-0.043532044054549524,0.00026518793405847126,-2.1126397108801836e-05,-0.00010600110796939455
0.0,-0.0070822264825131515,0.005377619269423206,0.001200132373011876,4.43453896477215e-06,1.5868779482548743e-05
1.0,0.021420871976143008,0.05928711650023283,-0.0014591884283633326,2.7614819686447837e-05,4.282407506796039e-06
1.0,0.009406077597947898,0.01999306394019179,0.0010560574190993138,6.289397793356367e-06,3.570845010341952e-05
0.0,0.015157934940661845,0.11322355902624137,-0.002815358671536326,9.463880199486652e-05,5.252617544398533e-05
-2.0,-0.010171763190333971,0.1195520268849573,-0.0007832540193896834,5.5996276208055055e-05,6.098910559493454e-05
-2.0,-0.011600268440737138,0.00471578369313988,-0.0034278695405363393,3.185132121648816e-05,8.959719422335305e-05
0.0,0.020272029458518838,0.10418428072677921,-0.005794036688694551,6.142092630541129e-05,-6.873900057934246e-05
0.0,-0.03998761207783952,0.06668504873891526,-0.0006696883329272668,6.027040483258322e-05,0.0001085432499674164
1.0,-0.016415881679360506,0.12798802129907005,-0.0005736803138536296,0.00011481390721401078,0.00013117315667463662
-2.0,0.0110329258480837,-0.005389698606377544,0.0008789632169467407,-3.997557257295732e-05,-6.232793521768887e-05
-2.0,0.009604420597680532,-0.12022594179819496,-0.0017656523041999152,-6.412052756452421e-05,-3.371984658927036e-05
-2.0,0.02231718307156344,-0.032992619441108345,-0.0014245999755940668,-4.1187708114272985e-05,-5.635864666438639e-05
0.0,0.03435173445138205,0.022422066446542543,-0.001179372515531404,3.027656889142123e-05,4.682979904741649e-05
0.0,0.032507829376823894,0.03063598828580666,-0.00041535627928614887,3.715271501762853e-05,3.0037891546498374e-05
0.0,0.012149288902585945,0.004853114682383336,0.0004469576403136643,-8.765889915737985e-06,1.816365978680954e-05
1.0,0.003194681597812596,0.006546935278292254,-0.00043872308241722194,-9.6943321153238e-06,-0.00011695714931022479
0.0,0.005114094517856993,-0.009039278299462161,-0.0029786780171582247,-3.321787568945524e-05,-0.00012126517602332779
1.0,-0.03157381662002235,0.014764462272828696,0.0022416783576826964,2.0175105219144266e-05,7.864698123065129e-05
0.0,-0.001843905074558158,0.008213921839264116,0.0007640162362452551,6.8761461262072985e-06,-1.6791907500918117e-05
0.0,-0.03766920311822354,0.034864486778853315,-0.000981867521894659,2.9602220098953283e-05,0.0002713623871599535
-2.0,-0.029824841405771407,-0.017323010360958957,-0.003754680054458815,-2.1720097729230228e-05,0.0002937270090655872
0.0,-0.0045187535973408854,0.05186489342777938,-0.0009154952142487676,6.576883200012106e-05,0.0003064110717855598
0.0,0.040609165314420034,0.048561388293490645,0.0010378611699210553,3.215919914402793e-05,-2.0361690225211944e-05
0.0,0.004559357399963715,0.017455283820743323,0.0009013782538914263,1.1202122936752638e-05,2.5180196547676022e-06
0.0,-0.02035854047423795,-0.025782873603423323,0.0008623139195998132,-4.591860493336652e-05,-1.1874231759688835e-05
3.0,-0.03939456800990919,-0.008564412234813287,0.00014320139789016236,2.2651019104787953e-05,3.513536645409579e-05
0.0,-0.001428505250403167,-0.11483624319181741,-0.0026446155211466557,-2.4144954991566896e-05,2.8608088628418502e-05
3.0,-0.0062441184890265344,0.008435994414112774,0.00020957370553605374,5.8817631005955735e-05,7.018405107970206e-05
-2.0,-0.03511768428380334,0.04179832074094486,0.0006438879245936977,-5.758900427792562e-05,3.229766724523967e-05
0.0,-0.017494805725060278,0.09981080681954571,0.0008390541916741697,5.958664036151526e-05,9.426348865017534e-05
0.0,0.049425234925489045,0.04658865058958901,0.001893585609233675,4.2211099468447875e-05,-1.982117701482386e-07
0.0,0.012255534561105605,-0.017154693579532143,0.0009105611612163032,-1.3272866468481143e-05,-0.0001433504252762979
-5.0,-0.01201041111899423,-0.056925286423298166,0.0009115127850496895,-3.7079880292455224e-05,-5.38927253060456e-05
-2.0,0.007844361712452133,-0.05218749713981227,-0.002772812532564156,-5.132231782818351e-05,2.236462190563367e-05
0.0,0.033150449520882655,0.01700040664892606,6.637230764589138e-05,3.616661190116778e-05,3.504868462560628e-05
-2.0,0.025585765774427977,-0.0312687561588024,-0.0015820686068863357,-2.8617428509292517e-05,-4.309057899343519e-05
-3.0,0.017958931632427774,-0.04952589633569976,-0.002909851832350016,-6.60843860229658e-05,-3.166293631590376e-05
0.0,-0.041595840831349415,-0.014833680845148425,-4.808000906396696e-05,-2.9923029863355032e-05,-2.1282326054206343e-05
0.0,-0.025986666294785965,-0.09827681029537609,-0.0012980443082777735,-2.322569925678136e-05,-1.859798958451205e-05
0.0,-0.03604980791445632,-0.031106104472747323,-0.00013648291602962905,-2.0957076207275295e-05,2.2879709879979542e-05
2.0,-0.02838734363710238,0.06196926504577538,0.0027581812076090725,2.841908361609506e-05,1.894605574406337e-05
2.0,0.025306087808430522,0.06918790378873833,0.002839184840210047,8.748892972935129e-05,1.268406271997261e-05
-1.0,0.010114569919975641,0.0026616008041125128,-0.00013703929978586002,-1.4762068194782292e-05,-5.402755822153743e-05
2.0,-0.06423486592134636,-0.0873202048420938,0.0014934125695139813,4.50233430813764e-05,4.857134143442286e-05
2.0,-0.005401848131964787,0.0539198433442106,-0.00042790920901003993,0.00010600547172632573,7.607700077190679e-05
0.0,0.01560917453656345,-0.08344312945022767,-0.0012499642992138064,6.697330606573673e-06,2.6843364696942933e-06
-1.0,-0.007626834142000202,-0.018257140176897363,-0.0013277832254636802,-3.7466957513673286e-05,1.142764267753143e-05
3.0,0.012525429052874418,-0.013081854751031491,0.00016120162288526304,-3.3987958848520383e-06,4.214842871647664e-06
3.0,-0.011586152975685604,-0.009170257376167446,0.0008101007348316359,5.3271138243436235e-05,0.0001483427054986329
2.0,-0.020748423769184482,-0.025468693420907712,-0.00029049816247253384,4.7003259572610785e-05,6.864568566833109e-05
0.0,0.024993776787904487,-0.0064530985748665615,0.0007761743047264896,1.2516744699314157e-05,-2.934177493372652e-05
0.0,0.004822443801290877,0.001994419387239682,0.0005878984739105921,-1.522727842228989e-05,-1.2457398241385438e-05
1.0,0.02617041984321425,0.02248665460277574,-0.0010476502276853476,1.3299213869686402e-05,1.4818700691639506e-05
1.0,0.010580991747204338,0.007945073438799993,-0.0018169494078439491,-1.7855973852150814e-05,-0.0001625319127520549
0.0,0.02900425774926041,0.00983930146766504,-0.0005041499840871576,3.278269336204497e-05,-5.3969017332820534e-05
0.0,0.008832924762646799,0.018286819429771284,-0.0006924258149030552,5.0386702404409215e-06,-3.7084640640479454e-05
2.0,0.002732990948274172,-0.00461661946325706,-0.0009357174527010316,4.8472323668884595e-05,-4.2402684596284696e-05
2.0,-0.012687254359270664,0.010476973297783437,0.0007276327073666923,6.34424751094941e-05,9.997241059027361e-05
0.0,0.008006047019056994,-0.022072709663714746,-0.0015888769607005958,-8.847755745897351e-05,-0.00012835120176925865
0.0,-0.016105535009503028,-0.0181611122888507,-0.0009399778487542231,-3.180762333068525e-05,1.577666085772659e-05
0.0,-0.01083487604326093,-0.0013131196637481413,-0.001538832160580063,-2.184726622484709e-05,-1.959162557076298e-05
0.0,-0.024608287287178884,0.0031098094930788467,-0.0001505777719455144,-4.300279464680518e-05,-3.076106130035535e-05
-1.0,-0.008635088060340787,0.017225225194357624,-0.001049639935503365,-4.800390464407871e-05,-0.00014846381299681054
-1.0,-0.016278260085927573,0.0022572655080796977,-0.0010413466915721805,-9.372120224149623e-06,4.899496135988333e-06
0.0,0.01709133984967294,0.01688579775690674,-2.109071472535548e-05,3.707107818046039e-05,-2.603565344710799e-06
0.0,-0.0002760149149126506,-0.027450391594931872,-0.0004697244946302783,-7.263834106353426e-06,-8.917656082799674e-06
-3.0,0.008023264349131448,-0.040420206871354725,-0.003395457281124595,-9.39786181219875e-05,-0.00021033514979750464
3.0,0.014902572458065422,0.03599845539749083,0.00333972042099706,9.153635379618611e-05,-2.1190681451382077e-05
0.0,0.028895108035159878,0.03801936038039638,0.0008737188477572917,5.090438578187427e-05,-2.8746555012872696e-06
0.0,0.011527753270574287,-0.006316828971442229,0.00042508506785236887,6.569473495060459e-06,-9.188746239376144e-06
0.0,-0.01736735476458559,-0.04433618935183861,-0.0004486337799049228,-4.4334912286813814e-05,-6.314090738088874e-06
0.0,-0.024111582028560022,0.003911597374864045,0.0006488991119463728,5.6669934128288274e-05,0.00014412786262698525
-1.0,-0.01664113507939778,0.03929793485807237,0.0005392370251972309,4.047365281489481e-05,-2.0112611227551862e-05
-1.0,-0.024284307104984568,0.024329975171794443,0.0005475302691284154,7.910543723482389e-05,0.000133250697905247
-1.0,-0.0332738528220589,-0.012386838669876221,-0.0004516997853577969,5.040205545746282e-05,6.443084279668343e-05
1.0,-0.01619245089467855,0.02668849944060861,-0.00036508941042933383,1.4808825619344e-05,-2.192280595714796e-05
0.0,-0.02017133298661361,0.008447517962106244,-0.00018827583081589753,-2.7744023121604048e-05,1.688437669234108e-05
0.0,-0.013773411243917955,0.004422929156826988,0.0013882543886345488,-2.1155528421958086e-05,-1.1169435729592369e-05
0.0,0.0005316299583749129,0.0099267027160162,0.0008264644240109555,-4.792694229934489e-05,-9.921868600494519e-05
0.0,0.011753893068824697,0.04519839621419666,0.002501013250953571,-1.6048025965966288e-05,2.746094445307175e-05
0.0,-0.015420245307544836,0.015093592761040497,0.001663350160067724,1.4970151440609507e-05,0.00014237509518655832
0.0,-0.004878824673836421,-0.006486377313751929,0.0015100764403985435,-6.119623323398275e-06,0.00011200439847730704
-1.0,0.008330027201251311,-0.000852543984999149,-0.0008907689196266662,3.3630674422655555e-05,3.566055743634368e-05
-3.0,0.01634210577071611,-0.0001624456352221082,-0.00033894271016545775,-2.7369932040447813e-05,-0.00020337405930245477
0.0,-0.027174138376369533,-0.030104803453156165,-0.0008376630908858475,3.101817740657579e-05,0.00011491415073348656
0.0,-0.007643172025586786,-0.014967959686277926,8.293243931184425e-06,3.863178441992908e-05,0.00015336330913279887
0.0,-0.01663271774266112,-0.05168477352794859,-0.0009909368105550278,9.928402642568013e-06,8.454345402423529e-05
0.0,0.019530966350782747,0.015136843766878239,0.0008459563348170319,7.613607013353288e-06,3.844915839931231e-05
-2.0,0.027543044920247547,0.01582694211665528,0.0013977825442782403,-5.338699944975007e-05,-0.00020058545833948613
-2.0,0.0080120785694648,0.0006900983497770408,0.0005518262094612084,-6.100060646310336e-05,-0.00023903461673879846
0.0,0.021772515432845738,-0.003755629306793906,-0.0012395835414511346,3.0354191932859506e-05,-5.37867320773241e-05
0.0,0.02802246103993611,-0.006720868810553754,-0.0004101757088261251,5.095129801577557e-05,-6.988516988803924e-06
0.0,0.006249945607090371,-0.002965239503759848,0.0008294078326250096,2.0597106082916065e-05,4.679821508852017e-05
-3.0,-0.0080960027171212,-0.029401273981922382,0.0006876754098991695,-9.187979559104233e-05,1.951906490031713e-05
0.0,-0.007100244088137461,0.032569221097925205,-0.0007742395005462366,6.991302431744017e-05,5.14047881523467e-05
2.0,0.015485602574538446,0.0042536440862845915,0.004090939935208235,9.420357911590002e-05,-8.699164712707734e-05
-3.0,-0.014345948324211572,-0.026436034478162534,-0.0001417324227258401,-0.00011247690167395838,-2.727915018820304e-05
0.0,0.005796443536081608,0.02002312797110875,-0.0006617650854224262,5.1347558308428983e-05,2.196786623796067e-05
0.0,0.017025092139897474,0.0009640355465314054,-0.0003676956817008372,2.7780227131163068e-05,-0.0001204024258781938
0.0,0.011228648603815866,-0.019059092424577345,0.00029406940372158903,-2.3567331177265915e-05,-0.00014237029211615446
0.0,-0.029084853318924977,-0.02362796190471192,0.0010110304131584085,5.32381473186638e-06,-6.848753912222201e-07
1.0,-0.015695672958361176,-0.016945010157386253,0.0017806538474066515,5.609074345189286e-06,-6.303584549812564e-05
-1.0,0.0004021438170659086,0.02433528502062815,-2.781887940157498e-05,-4.315753934201543e-06,-2.2578228502627037e-05
0.0,0.016416170876847797,0.04666541799006263,9.257135870483521e-05,1.0545333540006076e-05,-2.370250023644701e-05
0.0,0.00449800105918001,0.04672432859328182,8.6301619565206e-07,6.572868386400584e-06,3.05405274717126e-07
0.0,-0.004300860727507974,0.00964962016684806,0.0001280411556496728,-6.247986175621059e-05,-4.405665401704873e-05
1.0,0.012792285484962668,0.029210508839747074,-0.0005824759234324886,4.4733233594870274e-05,2.0377809712467707e-05
1.0,0.013389180360563802,0.006682951747325666,0.0007696234342482428,2.852596133229063e-07,-6.235097010690342e-05
0.0,0.0005968948756011339,-0.022527557092421407,0.0013520993576807314,-4.444797398154737e-05,-8.272877981937112e-05
1.0,-0.004703004544573883,-0.01468566485378009,0.00015586003505124778,-5.8164107822009046e-05,-2.1478425514421692e-05
0.0,-0.011918169817667787,5.891060321919217e-05,-9.170834250918315e-05,-3.972465153605492e-06,2.4007905511164134e-05
0.0,-0.023668042938844475,-0.020317613551225078,2.8032510123799856e-05,-7.592358415304718e-06,8.740605979971217e-06
1.0,-0.005299899420175017,0.007841892238641318,-0.0011962393226294837,-1.3716133840461678e-05,6.125035430494943e-05
2.0,0.009492227893761432,0.007268987579790082,0.003942840027026474,7.152346051236849e-05,-9.504311761145746e-05
0.0,-0.008798861786687984,-0.03707470842643376,0.00012717813945402074,-6.905273014261117e-05,-4.436205929176585e-05
0.0,-0.028368604274214518,0.036335064252236676,-0.00010610152565394154,8.303214540264299e-06,-5.254636811453485e-06
0.0,0.03017743850086818,0.022703265315842797,0.0008236089225672838,1.7413378139320275e-05,-1.285595311144665e-05
0.0,0.030457642569489615,-0.004750450241678167,0.0016338983797771134,-2.479098662369077e-05,-2.9778965594371427e-05
0.0,0.010106263651238526,0.015126675929144712,0.0014556667472907215,-2.1112385437304358e-05,-2.0882623085268664e-06
0.0,0.014196808940590541,-0.026584363992953802,-0.0024636306524925787,-4.080578048460272e-06,4.114966651147207e-05
0.0,-0.00823734366150837,-0.0033475911752541276,-0.0006473821484372567,-1.3032043927818261e-05,4.464785733283055e-05
0.0,-0.02243415260209891,0.023236772817699675,0.0018162485040553221,-8.95146587935799e-06,3.4981908213584867e-06
0.0,-0.009329251027959229,0.01990076272238339,-0.0035334717443443026,-5.263889251077878e-06,6.185259483580991e-05
1.0,0.006843310004270839,0.0064087155178901845,0.0009695498343266203,2.9386923396584334e-05,-3.2700723276351987e-05
0.0,0.017783774653985673,0.005433020378408704,0.003690781124194149,2.7587882045929655e-05,1.5726177330133669e-06
0.0,0.0002802040686214341,-0.027453715557520963,0.0008102894572098295,-4.220436476301105e-05,-1.6923012482924776e-05
0.0,-0.020071174849629655,-0.007576589386698085,0.0006320578247234377,-3.852576357662463e-05,1.0767690802919784e-05
0.0,-0.023024726690707847,-0.0040926427343902505,-0.0006230754760905119,-1.1170172913115151e-05,1.411117936697112e-05
1.0,0.012903646599862956,-0.02693012237963749,-0.00036746665324502545,-9.616114725977413e-07,0.00010003572540069337
0.0,0.029892860733210194,0.05604110579315222,-0.000567365804782825,8.782596645843468e-06,0.00011627607226476206
-1.0,0.0016112136217556056,0.01892506758290191,-0.0008122404544767738,-7.0629306017325566e-06,9.612593584517527e-05
0.0,-0.010063141619670354,0.06717070582262877,0.0011615613922481443,2.2686230495060673e-06,4.147769946449159e-05
0.0,-0.02330493075932928,0.023361072823130713,-0.0014333649333003414,3.1034191849895895e-05,3.1034191849895895e-05
0.0,0.03912389844599343,0.03054965278071123,-0.0008597289880798065,5.406775992772134e-06,4.492009537380966e-06
-1.0,-0.02828164711145459,-0.03711603821025031,-0.0002448746496939488,-1.5845527247576024e-05,-2.015013641958679e-05
0.0,0.007290726922306201,0.04401121998476096,0.0002566024898643165,4.9176928061657836e-05,1.4243107460009236e-05
0.0,-0.049239581591949744,0.017886117963768364,0.00025268952956047615,-1.4706926309427411e-05,5.887622653572477e-06
0.0,-0.046547211162267815,-0.03607244879071893,-0.0009125492753980083,-3.509526718856716e-05,-0.00013821004121041403
0.0,-0.03687214780495689,-0.009100682395785029,0.0006455155821506534,-2.5843713462597696e-05,-2.7743229100044107e-06
0.0,-0.05885838835975925,-0.034474394619977936,-0.0002983602958505178,-5.100524266265465e-05,-2.9455512287826497e-05
0.0,0.012367433786992857,-0.026986800359553392,0.0003928260525901772,-1.1136787153170285e-05,-8.661945563576887e-06
0.0,-0.009618806767809504,-0.0523605125837463,-0.000551049825410994,-3.629831635322724e-05,-3.5343134941398974e-05
0.0,-0.012311177197491432,0.0015980541707409923,0.0006141889795474905,-1.59099754740875e-05,0.00010875452892258753
0.0,-0.00787669660732046,-0.03531593677252175,0.0014001494134331942,-1.0042248677302921e-05,-7.2750380115001625e-06
1.0,0.006239690731009398,-0.013238352164942499,0.0012387437081663615,9.425461099671092e-06,-2.1518083983158633e-06
0.0,-0.017643815899480164,-0.05966568742455991,-0.0013027463013863254,-5.6126326169723186e-05,-2.1808671039184694e-05
0.0,0.026681073937147304,0.007396416746175333,-0.00011778530258339001,1.2887804819725941e-05,-7.745851422800455e-06
0.0,-0.003729176755511779,-0.025863716736139186,-0.0008446902799828452,-2.3247042747361623e-06,-5.21203351162062e-05
0.0,0.022312657213055337,0.012791410877503698,0.0006974902538258821,2.239572670906827e-05,2.9465610412631557e-06
0.0,-0.009449668728349334,0.024550941368274112,0.001204186670134112,1.0837680031207006e-05,3.4378333366538207e-05
0.0,0.03865787875910484,0.0027425881968459187,0.0006157725229267156,5.541952706340439e-06,3.786635201801818e-06
0.0,-0.0024113936032126027,0.008333551381733292,-0.0001691772797678755,-1.52259551791088e-06,-3.870894101794696e-06
0.0,-0.032529561125603956,-0.04828569792524236,-0.0009949012964508435,-8.431709136606678e-05,-1.5172252627391628e-05
0.0,-0.04132426186125859,-0.015029490246924751,-0.0006940235556271946,-8.045863637252153e-05,-7.349447395233579e-05
0.0,0.017392193392769248,0.0709354435076644,0.0005036546908849288,2.023229937633939e-05,1.7979937033188894e-05
0.0,-0.041069272362317444,0.005590963184887374,-0.0007849498026945911,-7.064548224251319e-06,-7.657529303596514e-06
0.0,-0.06159725386070891,-0.020727622788098796,-0.0005348670763142779,-4.674518869318174e-05,-3.802570876845739e-05
0.0,-0.07998214062036343,-0.01777207844377067,-0.0013097960785539101,-8.600058907886196e-05,-7.728110915413761e-05
0.0,-0.03446737157992602,-0.0054573569798968685,-0.00010052435685994947,-9.04719211739544e-07,-8.013101216258896e-06
0.0,0.006601900782391423,-0.011048320164784242,0.0006844254458346416,6.159829012511775e-06,-3.555719126623825e-07
0.0,-0.035200191037726175,-0.047428874644140306,-0.00028532382533677926,-7.736478142166252e-05,-5.341210374238618e-05
0.0,-0.0004070277931077504,-0.005926429986503792,0.003413124137640221,3.3627320506316198e-06,-3.906682177377081e-05
0.0,-0.016699044263651902,-0.013259689590614632,0.00011449310338722545,-2.363542811494203e-06,2.681462491628517e-05
0.0,0.02712988228078289,0.015270265808201927,0.0004343427194543284,4.5840469481442195e-05,3.0012607552198495e-05
0.0,-0.004368416724091967,0.005394994131328365,0.0008152755564092721,9.507921889342326e-06,1.0692412464063611e-05
0.0,0.026041833968567116,0.038655127613642884,0.0015421805338087275,2.472043098380443e-05,5.506689615746935e-05
0.0,0.03339637552800828,-0.011384168250726467,0.0012017088128626185,3.3659680770006255e-05,7.58888290584881e-05
0.0,-0.034524409564218525,-0.02283730599734475,0.00016649090026718446,-0.00010234412675817712,-1.8791057437967722e-05
0.0,-0.0399702711638073,-0.02555578689458375,-0.00147943363860659,-1.3314902747459309e-05,2.4240399085841066e-06
0.0,0.03192924101597942,0.011070496216622136,0.0005017985703997412,3.32183894324689e-05,-2.36627673896892e-06
0.0,-0.008794700735654637,0.033256207678317606,0.0003008777408236489,3.858454993545257e-06,-5.8322221324944166e-05
1.0,-0.02695475912087396,0.016317685374036134,0.003875215656280409,-6.89656039540581e-05,4.75994238272415e-05
0.0,0.04382892654443479,0.02852995539881656,0.00031984961606710296,4.82040122929364e-05,3.1979826359133255e-06
0.0,-0.005445861599588778,-0.0027184808972390007,-0.0016459245388737744,8.902922401071782e-05,2.121509734655183e-05
-3.0,0.042361434330643294,-0.0013009716918726821,-4.7577361455145364e-06,-6.7551097771005e-05,-0.0003589784592401576
0.0,-0.03864127348382515,-0.0259838755582983,0.0069578090688816275,9.175780752585243e-06,0.00010335278989336866
0.0,-0.0418020918201176,-0.036380554479356064,-0.0009697492711714208,-8.35246104341743e-05,-5.3056531829723796e-05
0.0,-0.03447255159934079,-0.022916918342217277,-0.0002914467786860179,-8.67363868642387e-06,1.4237706454036305e-05
-1.0,0.006358189628603281,0.03135920589895552,-0.0002638665020068244,-6.656290547318281e-06,-3.272566729776503e-07
0.0,-0.03830746652129908,-0.004195370172771773,-0.0013105799367201085,-2.7994431435635837e-05,-3.705917202805704e-05
0.0,-0.01267635991134037,-0.028416689506066586,0.0005372269540898333,3.0070705959731315e-05,0.0001111764127674354
0.0,0.004912936456138189,-0.00889145549440215,-0.0005747466898580402,-1.8172900603319637e-05,3.8276418973091285e-05
0.0,0.024382202880233253,-0.005761726511244375,-0.0015709311087227593,-1.5131237097765847e-06,-0.00023569554789136808
0.0,-0.021599272351533902,0.04163661262745323,0.00011438664420937894,-1.430049439407823e-05,7.088297300817658e-05
0.0,-0.018886238202470346,0.03558056693411876,0.0003497459330798154,-1.1409636750034598e-05,-3.113402667471367e-05
0.0,0.01758929636747856,0.019525234011664436,-0.0011119736439478734,-4.824360656305095e-05,-7.289999379434412e-05
0.0,0.0005755080732426504,0.07150072343971182,0.0006179018061713669,4.86251993681428e-05,3.387774944802482e-05
0.0,0.0032885422223062066,0.06544467774637736,0.0008532610950418033,5.1516057012186434e-05,-6.813925023486544e-05
0.0,-0.010145220998579549,0.05989336809825388,0.0007056351685529063,1.7398814899159997e-05,3.740414965509491e-05
0.0,0.02924268217604789,0.02244375862707712,-0.0007294268169282829,5.659075284730067e-05,-0.0001603715344209082
0.0,0.013595208200709849,0.03497211458393906,0.001353171744938263,3.922795890791655e-05,0.00012872659564353803
0.0,0.0027130341490635562,-0.006056045693334469,0.00023535928887043645,2.8908576440436313e-06,-0.00010201699968289025
0.0,-0.013433763220885755,-0.005551309648123476,-0.00014762592648889707,-3.411724211302643e-05,0.00010554339988996035
0.0,-0.0013950652381795603,0.03797942754887154,7.810105261620123e-05,-8.650826680317862e-06,-3.5444028139969225e-06
0.0,0.007958869105161165,0.007045439547788662,0.0006481339168758699,-2.278987386734352e-05,2.188190027216644e-05
0.0,0.008958455999233728,0.030828431285486374,-0.0017088316000059374,-6.166815123565137e-06,-1.1765104286396989e-05
0.0,0.017603669706047598,0.020864714587050345,-0.0027088187146828337,2.1914473169979564e-07,1.6607482790337275e-05
0.0,0.018178690876465023,-0.01643968499066223,-0.0023786239746067324,-5.801234444615539e-05,-4.744509446728989e-05
0.0,0.0008223043754605613,-0.011511426935573887,-0.0003673628844525808,-1.7740674720809588e-05,-0.0001932081309910295
0.0,-0.006897393710685984,-0.009316976412729744,0.0002958346560005822,1.710130183711525e-05,-6.690124086792916e-07
0.0,0.0009995868940725627,0.023782991737697712,-0.0023569655168818072,1.6623058743778383e-05,-3.364700455856343e-05
0.0,0.010845007891360031,0.04246295096365647,-0.002497404094779899,3.013390057733061e-05,1.85046449645813e-06
0.0,0.011420029061777456,0.005158551385943899,-0.002167209354703798,-2.8097588600524575e-05,-6.220211276116904e-05
0.0,-0.01365605552537355,0.012281259963876384,0.0005072492759035168,4.701605768274606e-05,-1.5426030702558437e-05
0.0,0.010420442167704894,-0.018624440351753813,0.00018975616217800943,-4.472064734430296e-05,-2.8555108202605608e-05
0.0,-0.006935944333299568,-0.013696182296665471,0.002201017252332161,-4.448977618957157e-06,-0.00017431814472634521
0.0,0.0005750211704174252,-0.037304399577712574,0.00033019474007610133,-5.8231489177855184e-05,-6.405257725762716e-05
0.0,-0.02450106341673358,-0.03018169099978009,0.0030046533706834157,1.6882157105415454e-05,-1.7276495199016567e-05
0.0,-0.01735638650100446,0.0049282580550883415,0.002011261090154152,4.02716697253458e-05,-0.0001457630365237396
0.0,0.017198174579175912,0.05693663555719973,0.0019269158943316968,2.3383259378709652e-05,-1.4643591022402841e-05
-3.0,-0.003431447669608262,0.01193528136065572,0.0014132049492062999,-2.7337930649212953e-05,9.264792939499607e-05
-1.0,0.009568691851816698,0.01178398336820402,-7.351362134960272e-05,8.788628226728896e-06,-9.427088761427004e-06
-3.0,-0.020629622248784174,-0.04500135419654401,-0.0005137109451253968,-5.07211900279226e-05,0.00010729152041739891
2.0,0.01300013952142496,-0.00015129799245169884,-0.0014867185705559026,3.612655887594185e-05,-0.00010207501815642308
1.0,-0.002424311024241531,0.038423957050030766,-0.0014039904528649204,-1.0999901520821205e-05,4.0119765073355004e-05
3.0,-0.015214116179411048,0.11113132164049269,-0.0008234129053713272,4.815533476125947e-05,4.440653370612646e-05
0.0,0.008980997601021987,-0.00600340754030948,-0.0006741626044804692,-6.067463440324223e-06,7.5433725345334395e-06
0.0,0.006851892919400235,-0.0025521402444099728,-0.00037561755859189373,-7.014128240150443e-06,-1.1354664919942517e-05
-2.0,0.02189838488872243,-0.005152961333951517,-0.001552634168901866,-3.176281532059881e-05,-0.0001042136985966441
3.0,-0.001213501294142827,0.07169897142720205,0.00013426032922851487,7.783765807285013e-05,6.27172577937526e-06
1.0,0.011703885993557615,0.07254941763356001,-0.0007442112351928819,5.214230619257554e-05,-0.00010548534535180229
-2.0,0.012917387287700442,0.0008504462063579632,-0.0008784715644213968,-2.5695351880274583e-05,-0.00011175707113117755
2.0,-0.012789805155169517,0.07270736459046193,0.0005805775474935932,5.915523628208068e-05,4.286768632771457e-06
0.0,0.010174905520462393,0.03390106747039276,0.0002829589266225914,3.032093080063353e-05,-5.617423750695447e-05
-1.0,-0.01291025565663416,0.0013337753192296797,0.0011709336948635559,-1.3863165876001437e-05,5.60200239382535e-05
-2.0,-0.028769270619547524,-0.03233984364012257,0.0008805361739984003,-8.912788267679888e-05,-8.268129038488583e-06
-1.0,-0.027199475368616083,-0.02840995438817276,-0.0016136062936414745,-3.857703921239609e-05,-4.1914411452546315e-06
0.0,-0.005945943710756171,0.005093266549316383,-0.0017881160111039864,9.370912598015372e-06,3.1236375326717897e-06
2.0,-0.0024219120338941497,0.005298678250342526,0.0003774576796976199,2.09964942206305e-05,-3.7074550571261465e-07
1.0,0.0015697952509314411,0.003929889251949814,-0.0024941424676398747,5.055084346440279e-05,4.076687893233952e-06
0.0,0.012237969457944156,-0.007189839492985295,-0.00032872073267142885,1.8948152499702884e-05,-3.9786238835799704e-05
3.0,0.004828014148820031,-0.0169644200519197,-0.0015177023142667,8.339338741438418e-05,1.2254264418036872e-05
-2.0,0.0018121260837646175,-0.02379471787487003,-0.00038480244525818715,7.381255252795899e-06,1.6568836593810538e-05
-3.0,-0.004472039569400399,-0.035442238094470224,0.0017619663735328917,-3.3610540846253876e-05,-4.075423591838354e-06
0.0,-0.015553127649425888,-0.0614101066147649,-0.002602252618147031,-9.146518814261365e-05,-1.821747564086516e-06
-2.0,-0.009701875531797202,-0.0290699861142866,-0.002384104856676196,-3.629029739095501e-05,3.300560727417124e-05
0.0,-0.02550620513602321,-0.04380425672878388,1.5518368013442158e-05,-5.683453379910804e-05,6.965679134236634e-05
0.0,-0.023395996494086344,-0.0504920868928212,-0.001426317619480388,-1.2836858575323496e-05,6.440185034235893e-05
-2.0,-0.013477109163459344,0.017400438184954875,0.00045219729535886724,2.300507272089048e-05,7.497292194483726e-05
0.0,-0.009953077486597323,0.017605849885981018,0.0026177709861604738,3.463065434350561e-05,7.147853890645285e-05
0.0,-0.007842868844660456,0.0109180197219437,0.0011759349986666433,7.862832956729016e-05,6.622359790644544e-05
-1.0,-0.006284165653165016,-0.011647520219600194,0.0021467688187910786,-4.0991796099049775e-05,-2.0644260185648892e-05
2.0,-0.013694120962289141,-0.021422100778534597,0.0009577872371958076,2.3453438815631514e-05,3.1396243068187684e-05
-1.0,0.010668174207012715,-0.011119728744935109,0.002165421734968446,-3.1602690964699906e-05,-4.3862926729033656e-05
2.0,0.0035240316768620217,0.00020541170102614248,0.0021655736908016065,1.1625581622615126e-05,-3.4943830383844043e-06
3.0,-0.007409955309124125,-0.009774580558934404,-0.0011889815815952713,6.444523491468129e-05,5.2040503253836576e-05
0.0,0.002110208641936867,-0.006687830164037317,-0.0014418359874938302,4.399767522378455e-05,-5.254941000007405e-06
